<profile version="1.0">
  <option name="myName" value="Default" />
  <inspection_tool class="PyPackageRequirementsInspection" enabled="true" level="WARNING" enabled_by_default="true">
    <option name="ignoredPackages">
      <value>
        <list size="6">
          <item index="0" class="java.lang.String" itemvalue="Werkzeug" />
          <item index="1" class="java.lang.String" itemvalue="Click" />
          <item index="2" class="java.lang.String" itemvalue="MarkupSafe" />
          <item index="3" class="java.lang.String" itemvalue="itsdangerous" />
          <item index="4" class="java.lang.String" itemvalue="Jinja2" />
          <item index="5" class="java.lang.String" itemvalue="Flask" />
        </list>
      </value>
    </option>
  </inspection_tool>
  <inspection_tool class="PyUnresolvedReferencesInspection" enabled="true" level="WARNING" enabled_by_default="true">
    <option name="ignoredIdentifiers">
      <list>
        <option value="医学院.天津医科大学.first_spider" />
        <option value="医学院.天津医科大学.MainPageInfo" />
        <option value="医学院.天津中医药大学.first_spider" />
        <option value="医学院.天津中医药大学.MainPageInfo" />
        <option value="医学院.河北医科大学.first_spider" />
        <option value="医学院.河北医科大学.MainPageInfo" />
        <option value="医学院.河北医科大学.ReFind" />
        <option value="anjuke.code.anjukeTest1.usual_spider" />
        <option value="anjuke.code.anjukeTest1.MainPageInfo" />
        <option value="first_web.home.urls.home" />
      </list>
    </option>
  </inspection_tool>
</profile>