<application>
  <component name="ProjectJdkTable">
    <jdk version="2">
      <name value="Python 3.8" />
      <type value="Python SDK" />
      <homePath value="D:\Python38\python.exe" />
      <roots>
        <classPath>
          <root type="composite">
            <root url="jar://D:/Python38/python38.zip!/" type="simple" />
            <root url="file://D:/Python38" type="simple" />
            <root url="file://$USER_HOME$/.PyCharm2019.2/system/python_stubs/1330415957" type="simple" />
            <root url="file://$APPLICATION_HOME_DIR$/helpers/python-skeletons" type="simple" />
            <root url="file://$APPLICATION_HOME_DIR$/helpers/typeshed/stdlib/3" type="simple" />
            <root url="file://$APPLICATION_HOME_DIR$/helpers/typeshed/stdlib/2and3" type="simple" />
            <root url="file://$APPLICATION_HOME_DIR$/helpers/typeshed/third_party/3" type="simple" />
            <root url="file://$APPLICATION_HOME_DIR$/helpers/typeshed/third_party/2and3" type="simple" />
          </root>
        </classPath>
        <sourcePath>
          <root type="composite" />
        </sourcePath>
      </roots>
      <additional />
    </jdk>
    <jdk version="2">
      <name value="Python 3.6 (2)" />
      <type value="Python SDK" />
      <version value="Python 3.6.1" />
      <homePath value="D:\Python36\python.exe" />
      <roots>
        <classPath>
          <root type="composite">
            <root url="file://D:/Python36/DLLs" type="simple" />
            <root url="file://D:/Python36/Lib" type="simple" />
            <root url="file://D:/Python36" type="simple" />
            <root url="file://D:/Python36/Lib/site-packages" type="simple" />
            <root url="file://$USER_HOME$/.PyCharm2019.2/system/python_stubs/1072250519" type="simple" />
            <root url="file://$APPLICATION_HOME_DIR$/helpers/python-skeletons" type="simple" />
            <root url="file://$APPLICATION_HOME_DIR$/helpers/typeshed/stdlib/3" type="simple" />
            <root url="file://$APPLICATION_HOME_DIR$/helpers/typeshed/stdlib/2and3" type="simple" />
            <root url="file://$APPLICATION_HOME_DIR$/helpers/typeshed/third_party/3" type="simple" />
            <root url="file://$APPLICATION_HOME_DIR$/helpers/typeshed/third_party/2and3" type="simple" />
          </root>
        </classPath>
        <sourcePath>
          <root type="composite" />
        </sourcePath>
      </roots>
      <additional />
    </jdk>
    <jdk version="2">
      <name value="Python 3.6 (python_django)" />
      <type value="Python SDK" />
      <version value="Python 3.6.1" />
      <homePath value="E:\PycharmProjects\python_django\venv\Scripts\python.exe" />
      <roots>
        <classPath>
          <root type="composite">
            <root url="file://D:/Python36/DLLs" type="simple" />
            <root url="file://D:/Python36/Lib" type="simple" />
            <root url="file://D:/Python36" type="simple" />
            <root url="file://E:/PycharmProjects/python_django/venv" type="simple" />
            <root url="file://E:/PycharmProjects/python_django/venv/Lib/site-packages" type="simple" />
            <root url="jar://E:/PycharmProjects/python_django/venv/Lib/site-packages/setuptools-40.8.0-py3.6.egg!/" type="simple" />
            <root url="file://E:/PycharmProjects/python_django/venv/Lib/site-packages/pip-19.0.3-py3.6.egg" type="simple" />
            <root url="file://$USER_HOME$/.PyCharm2019.1/system/python_stubs/679012877" type="simple" />
            <root url="file://$APPLICATION_HOME_DIR$/helpers/python-skeletons" type="simple" />
            <root url="file://$APPLICATION_HOME_DIR$/helpers/typeshed/stdlib/2" type="simple" />
            <root url="file://$APPLICATION_HOME_DIR$/helpers/typeshed/stdlib/2and3" type="simple" />
            <root url="file://$APPLICATION_HOME_DIR$/helpers/typeshed/third_party/2" type="simple" />
            <root url="file://$APPLICATION_HOME_DIR$/helpers/typeshed/third_party/2and3" type="simple" />
          </root>
        </classPath>
        <sourcePath>
          <root type="composite" />
        </sourcePath>
      </roots>
      <additional ASSOCIATED_PROJECT_PATH="E:/PycharmProjects/python_django" />
    </jdk>
    <jdk version="2">
      <name value="Python 3.6 (venv)" />
      <type value="Python SDK" />
      <version value="Python 3.6.1" />
      <homePath value="E:\PycharmProjects\python_django\venv\Scripts\python.exe" />
      <roots>
        <classPath>
          <root type="composite">
            <root url="file://D:/Python36/DLLs" type="simple" />
            <root url="file://D:/Python36/Lib" type="simple" />
            <root url="file://D:/Python36" type="simple" />
            <root url="file://E:/PycharmProjects/python_django/venv" type="simple" />
            <root url="file://E:/PycharmProjects/python_django/venv/Lib/site-packages" type="simple" />
            <root url="jar://E:/PycharmProjects/python_django/venv/Lib/site-packages/setuptools-40.8.0-py3.6.egg!/" type="simple" />
            <root url="file://E:/PycharmProjects/python_django/venv/Lib/site-packages/pip-19.0.3-py3.6.egg" type="simple" />
            <root url="file://$USER_HOME$/.PyCharm2019.1/system/python_stubs/679012877" type="simple" />
            <root url="file://$APPLICATION_HOME_DIR$/helpers/python-skeletons" type="simple" />
            <root url="file://$APPLICATION_HOME_DIR$/helpers/typeshed/stdlib/3" type="simple" />
            <root url="file://$APPLICATION_HOME_DIR$/helpers/typeshed/stdlib/2and3" type="simple" />
            <root url="file://$APPLICATION_HOME_DIR$/helpers/typeshed/third_party/3" type="simple" />
            <root url="file://$APPLICATION_HOME_DIR$/helpers/typeshed/third_party/2and3" type="simple" />
          </root>
        </classPath>
        <sourcePath>
          <root type="composite" />
        </sourcePath>
      </roots>
      <additional />
    </jdk>
    <jdk version="2">
      <name value="Python 3.6 (百度AI开放平台)" />
      <type value="Python SDK" />
      <version value="Python 3.6.1" />
      <homePath value="E:\PycharmProjects\python_January\百度AI开放平台\venv\Scripts\python.exe" />
      <roots>
        <classPath>
          <root type="composite">
            <root url="file://D:/Python36/DLLs" type="simple" />
            <root url="file://D:/Python36/Lib" type="simple" />
            <root url="file://D:/Python36" type="simple" />
            <root url="file://E:/PycharmProjects/python_January/百度AI开放平台/venv" type="simple" />
            <root url="file://E:/PycharmProjects/python_January/百度AI开放平台/venv/Lib/site-packages" type="simple" />
            <root url="jar://E:/PycharmProjects/python_January/百度AI开放平台/venv/Lib/site-packages/setuptools-40.8.0-py3.6.egg!/" type="simple" />
            <root url="file://E:/PycharmProjects/python_January/百度AI开放平台/venv/Lib/site-packages/pip-19.0.3-py3.6.egg" type="simple" />
            <root url="file://$USER_HOME$/.PyCharm2019.1/system/python_stubs/-1742579198" type="simple" />
            <root url="file://$APPLICATION_HOME_DIR$/helpers/python-skeletons" type="simple" />
            <root url="file://$APPLICATION_HOME_DIR$/helpers/typeshed/stdlib/2" type="simple" />
            <root url="file://$APPLICATION_HOME_DIR$/helpers/typeshed/stdlib/2and3" type="simple" />
            <root url="file://$APPLICATION_HOME_DIR$/helpers/typeshed/third_party/2" type="simple" />
            <root url="file://$APPLICATION_HOME_DIR$/helpers/typeshed/third_party/2and3" type="simple" />
          </root>
        </classPath>
        <sourcePath>
          <root type="composite" />
        </sourcePath>
      </roots>
      <additional ASSOCIATED_PROJECT_PATH="E:/PycharmProjects/python_January/百度AI开放平台" />
    </jdk>
    <jdk version="2">
      <name value="Python 3.6 (spider_pro)" />
      <type value="Python SDK" />
      <version value="Python 3.6.1" />
      <homePath value="E:\PycharmProjects\spider_pro\venv\Scripts\python.exe" />
      <roots>
        <classPath>
          <root type="composite">
            <root url="file://D:/Python36/DLLs" type="simple" />
            <root url="file://D:/Python36/Lib" type="simple" />
            <root url="file://D:/Python36" type="simple" />
            <root url="file://E:/PycharmProjects/spider_pro/venv" type="simple" />
            <root url="file://E:/PycharmProjects/spider_pro/venv/Lib/site-packages" type="simple" />
            <root url="jar://E:/PycharmProjects/spider_pro/venv/Lib/site-packages/setuptools-40.8.0-py3.6.egg!/" type="simple" />
            <root url="file://E:/PycharmProjects/spider_pro/venv/Lib/site-packages/pip-19.0.3-py3.6.egg" type="simple" />
            <root url="file://$USER_HOME$/.PyCharm2019.2/system/python_stubs/-1106935964" type="simple" />
            <root url="file://$APPLICATION_HOME_DIR$/helpers/python-skeletons" type="simple" />
            <root url="file://$APPLICATION_HOME_DIR$/helpers/typeshed/stdlib/3" type="simple" />
            <root url="file://$APPLICATION_HOME_DIR$/helpers/typeshed/stdlib/2and3" type="simple" />
            <root url="file://$APPLICATION_HOME_DIR$/helpers/typeshed/third_party/3" type="simple" />
            <root url="file://$APPLICATION_HOME_DIR$/helpers/typeshed/third_party/2and3" type="simple" />
          </root>
        </classPath>
        <sourcePath>
          <root type="composite" />
        </sourcePath>
      </roots>
      <additional />
    </jdk>
    <jdk version="2">
      <name value="Python 3.7 (data_science)" />
      <type value="Python SDK" />
      <version value="Python 3.7.3" />
      <homePath value="D:\Anaconda3\python.exe" />
      <roots>
        <classPath>
          <root type="composite">
            <root url="file://D:/Anaconda3/DLLs" type="simple" />
            <root url="file://D:/Anaconda3/Lib" type="simple" />
            <root url="file://D:/Anaconda3/Lib/site-packages" type="simple" />
            <root url="file://D:/Anaconda3/Lib/site-packages/win32" type="simple" />
            <root url="file://D:/Anaconda3/Lib/site-packages/win32/lib" type="simple" />
            <root url="file://D:/Anaconda3/Lib/site-packages/pythonwin" type="simple" />
            <root url="file://$USER_HOME$/.PyCharm2019.2/system/python_stubs/-2036615904" type="simple" />
            <root url="file://$APPLICATION_HOME_DIR$/helpers/python-skeletons" type="simple" />
            <root url="file://$APPLICATION_HOME_DIR$/helpers/typeshed/stdlib/3" type="simple" />
            <root url="file://$APPLICATION_HOME_DIR$/helpers/typeshed/stdlib/2and3" type="simple" />
            <root url="file://$APPLICATION_HOME_DIR$/helpers/typeshed/third_party/3" type="simple" />
            <root url="file://$APPLICATION_HOME_DIR$/helpers/typeshed/third_party/2and3" type="simple" />
          </root>
        </classPath>
        <sourcePath>
          <root type="composite" />
        </sourcePath>
      </roots>
      <additional />
    </jdk>
    <jdk version="2">
      <name value="Python 3.7" />
      <type value="Python SDK" />
      <homePath value="E:\Python37\python.exe" />
      <roots>
        <classPath>
          <root type="composite">
            <root url="file://E:/Python37/DLLs" type="simple" />
            <root url="file://E:/Python37/Lib" type="simple" />
            <root url="file://E:/Python37" type="simple" />
            <root url="file://E:/Python37/Lib/site-packages" type="simple" />
            <root url="file://$USER_HOME$/.PyCharm2019.2/system/python_stubs/-836723051" type="simple" />
            <root url="file://$APPLICATION_HOME_DIR$/helpers/python-skeletons" type="simple" />
            <root url="file://$APPLICATION_HOME_DIR$/helpers/typeshed/stdlib/3" type="simple" />
            <root url="file://$APPLICATION_HOME_DIR$/helpers/typeshed/stdlib/2and3" type="simple" />
            <root url="file://$APPLICATION_HOME_DIR$/helpers/typeshed/third_party/3" type="simple" />
            <root url="file://$APPLICATION_HOME_DIR$/helpers/typeshed/third_party/2and3" type="simple" />
          </root>
        </classPath>
        <sourcePath>
          <root type="composite" />
        </sourcePath>
      </roots>
      <additional />
    </jdk>
    <jdk version="2">
      <name value="Python 3.7 (2)" />
      <type value="Python SDK" />
      <version value="Python 3.7.2" />
      <homePath value="D:\Python37\python.exe" />
      <roots>
        <classPath>
          <root type="composite">
            <root url="file://D:/Python37/DLLs" type="simple" />
            <root url="file://D:/Python37/Lib" type="simple" />
            <root url="file://D:/Python37" type="simple" />
            <root url="file://D:/Python37/Lib/site-packages" type="simple" />
            <root url="file://$USER_HOME$/.PyCharm2019.2/system/python_stubs/1201333238" type="simple" />
            <root url="file://$APPLICATION_HOME_DIR$/helpers/python-skeletons" type="simple" />
            <root url="file://$APPLICATION_HOME_DIR$/helpers/typeshed/stdlib/3" type="simple" />
            <root url="file://$APPLICATION_HOME_DIR$/helpers/typeshed/stdlib/2and3" type="simple" />
            <root url="file://$APPLICATION_HOME_DIR$/helpers/typeshed/third_party/3" type="simple" />
            <root url="file://$APPLICATION_HOME_DIR$/helpers/typeshed/third_party/2and3" type="simple" />
          </root>
        </classPath>
        <sourcePath>
          <root type="composite" />
        </sourcePath>
      </roots>
      <additional />
    </jdk>
    <jdk version="2">
      <name value="Python 3.7 (web)" />
      <type value="Python SDK" />
      <version value="Python 3.7.2" />
      <homePath value="D:\PycharmProjects\python_bookshop\web\venv\Scripts\python.exe" />
      <roots>
        <classPath>
          <root type="composite">
            <root url="file://D:/Python37/DLLs" type="simple" />
            <root url="file://D:/Python37/Lib" type="simple" />
            <root url="file://D:/Python37" type="simple" />
            <root url="file://D:/PycharmProjects/python_bookshop/web/venv" type="simple" />
            <root url="file://D:/PycharmProjects/python_bookshop/web/venv/Lib/site-packages" type="simple" />
            <root url="jar://D:/PycharmProjects/python_bookshop/web/venv/Lib/site-packages/setuptools-40.8.0-py3.7.egg!/" type="simple" />
            <root url="file://D:/PycharmProjects/python_bookshop/web/venv/Lib/site-packages/pip-19.0.3-py3.7.egg" type="simple" />
            <root url="file://$USER_HOME$/.PyCharm2019.2/system/python_stubs/-913048265" type="simple" />
            <root url="file://$APPLICATION_HOME_DIR$/helpers/python-skeletons" type="simple" />
            <root url="file://$APPLICATION_HOME_DIR$/helpers/typeshed/stdlib/3" type="simple" />
            <root url="file://$APPLICATION_HOME_DIR$/helpers/typeshed/stdlib/2and3" type="simple" />
            <root url="file://$APPLICATION_HOME_DIR$/helpers/typeshed/third_party/3" type="simple" />
            <root url="file://$APPLICATION_HOME_DIR$/helpers/typeshed/third_party/2and3" type="simple" />
          </root>
        </classPath>
        <sourcePath>
          <root type="composite" />
        </sourcePath>
      </roots>
      <additional ASSOCIATED_PROJECT_PATH="D:/PycharmProjects/python_bookshop/web" />
    </jdk>
    <jdk version="2">
      <name value="Python 3.7 (job_info_spider)" />
      <type value="Python SDK" />
      <version value="Python 3.7.2" />
      <homePath value="D:\PycharmProjects\job_info_spider\venv\Scripts\python.exe" />
      <roots>
        <classPath>
          <root type="composite">
            <root url="file://D:/Python37/DLLs" type="simple" />
            <root url="file://D:/Python37/Lib" type="simple" />
            <root url="file://D:/Python37" type="simple" />
            <root url="file://D:/PycharmProjects/business_spider_projects/venv" type="simple" />
            <root url="file://D:/PycharmProjects/business_spider_projects/venv/Lib/site-packages" type="simple" />
            <root url="jar://D:/PycharmProjects/job_info_spider/venv/Lib/site-packages/setuptools-40.8.0-py3.7.egg!/" type="simple" />
            <root url="file://D:/PycharmProjects/business_spider_projects/venv/Lib/site-packages/pip-19.0.3-py3.7.egg" type="simple" />
            <root url="file://$USER_HOME$/.PyCharm2019.2/system/python_stubs/-578305244" type="simple" />
            <root url="file://$APPLICATION_HOME_DIR$/helpers/python-skeletons" type="simple" />
            <root url="file://$APPLICATION_HOME_DIR$/helpers/typeshed/stdlib/3" type="simple" />
            <root url="file://$APPLICATION_HOME_DIR$/helpers/typeshed/stdlib/2and3" type="simple" />
            <root url="file://$APPLICATION_HOME_DIR$/helpers/typeshed/third_party/3" type="simple" />
            <root url="file://$APPLICATION_HOME_DIR$/helpers/typeshed/third_party/2and3" type="simple" />
          </root>
        </classPath>
        <sourcePath>
          <root type="composite" />
        </sourcePath>
      </roots>
      <additional ASSOCIATED_PROJECT_PATH="D:/PycharmProjects/job_info_spider" />
    </jdk>
    <jdk version="2">
      <name value="Python 3.7 (pyqt5_projects)" />
      <type value="Python SDK" />
      <version value="Python 3.7.2" />
      <homePath value="D:\PycharmProjects\pyqt5_projects\venv\Scripts\python.exe" />
      <roots>
        <classPath>
          <root type="composite">
            <root url="file://D:/Python37/DLLs" type="simple" />
            <root url="file://D:/Python37/Lib" type="simple" />
            <root url="file://D:/Python37" type="simple" />
            <root url="file://D:/PycharmProjects/pyqt5_projects/venv" type="simple" />
            <root url="file://D:/PycharmProjects/pyqt5_projects/venv/Lib/site-packages" type="simple" />
            <root url="jar://D:/PycharmProjects/pyqt5_projects/venv/Lib/site-packages/setuptools-40.8.0-py3.7.egg!/" type="simple" />
            <root url="file://D:/PycharmProjects/pyqt5_projects/venv/Lib/site-packages/pip-19.0.3-py3.7.egg" type="simple" />
            <root url="file://$USER_HOME$/.PyCharm2019.2/system/python_stubs/-2082167616" type="simple" />
            <root url="file://$APPLICATION_HOME_DIR$/helpers/python-skeletons" type="simple" />
            <root url="file://$APPLICATION_HOME_DIR$/helpers/typeshed/stdlib/3" type="simple" />
            <root url="file://$APPLICATION_HOME_DIR$/helpers/typeshed/stdlib/2and3" type="simple" />
            <root url="file://$APPLICATION_HOME_DIR$/helpers/typeshed/third_party/3" type="simple" />
            <root url="file://$APPLICATION_HOME_DIR$/helpers/typeshed/third_party/2and3" type="simple" />
          </root>
        </classPath>
        <sourcePath>
          <root type="composite" />
        </sourcePath>
      </roots>
      <additional ASSOCIATED_PROJECT_PATH="D:/PycharmProjects/pyqt5_projects" />
    </jdk>
    <jdk version="2">
      <name value="Python 3.7 (xdl_spider_projects)" />
      <type value="Python SDK" />
      <version value="Python 3.7.2" />
      <homePath value="D:\PycharmProjects\xdl_spider_projects\venv\Scripts\python.exe" />
      <roots>
        <classPath>
          <root type="composite">
            <root url="file://D:/Python37/DLLs" type="simple" />
            <root url="file://D:/Python37/Lib" type="simple" />
            <root url="file://D:/Python37" type="simple" />
            <root url="file://D:/PycharmProjects/xdl_spider_projects/venv" type="simple" />
            <root url="file://D:/PycharmProjects/xdl_spider_projects/venv/Lib/site-packages" type="simple" />
            <root url="jar://D:/PycharmProjects/xdl_spider_projects/venv/Lib/site-packages/setuptools-40.8.0-py3.7.egg!/" type="simple" />
            <root url="file://D:/PycharmProjects/xdl_spider_projects/venv/Lib/site-packages/pip-19.0.3-py3.7.egg" type="simple" />
            <root url="file://$USER_HOME$/.PyCharm2019.2/system/python_stubs/-1189149851" type="simple" />
            <root url="file://$APPLICATION_HOME_DIR$/helpers/python-skeletons" type="simple" />
            <root url="file://$APPLICATION_HOME_DIR$/helpers/typeshed/stdlib/3" type="simple" />
            <root url="file://$APPLICATION_HOME_DIR$/helpers/typeshed/stdlib/2and3" type="simple" />
            <root url="file://$APPLICATION_HOME_DIR$/helpers/typeshed/third_party/3" type="simple" />
            <root url="file://$APPLICATION_HOME_DIR$/helpers/typeshed/third_party/2and3" type="simple" />
          </root>
        </classPath>
        <sourcePath>
          <root type="composite" />
        </sourcePath>
      </roots>
      <additional ASSOCIATED_PROJECT_PATH="D:/PycharmProjects/xdl_spider_projects" />
    </jdk>
    <jdk version="2">
      <name value="Python 3.7 (venv)" />
      <type value="Python SDK" />
      <version value="Python 3.7.2" />
      <homePath value="D:\PycharmProjects\Business_spider_projects\venv\Scripts\python.exe" />
      <roots>
        <classPath>
          <root type="composite">
            <root url="file://D:/Python37/DLLs" type="simple" />
            <root url="file://D:/Python37/Lib" type="simple" />
            <root url="file://D:/Python37" type="simple" />
            <root url="file://D:/PycharmProjects/business_spider_projects/venv" type="simple" />
            <root url="file://D:/PycharmProjects/business_spider_projects/venv/Lib/site-packages" type="simple" />
            <root url="jar://D:/PycharmProjects/business_spider_projects/venv/Lib/site-packages/setuptools-40.8.0-py3.7.egg!/" type="simple" />
            <root url="file://D:/PycharmProjects/business_spider_projects/venv/Lib/site-packages/pip-19.0.3-py3.7.egg" type="simple" />
            <root url="file://$USER_HOME$/.PyCharm2019.2/system/python_stubs/922458053" type="simple" />
            <root url="file://$APPLICATION_HOME_DIR$/helpers/python-skeletons" type="simple" />
            <root url="file://$APPLICATION_HOME_DIR$/helpers/typeshed/stdlib/3" type="simple" />
            <root url="file://$APPLICATION_HOME_DIR$/helpers/typeshed/stdlib/2and3" type="simple" />
            <root url="file://$APPLICATION_HOME_DIR$/helpers/typeshed/third_party/3" type="simple" />
            <root url="file://$APPLICATION_HOME_DIR$/helpers/typeshed/third_party/2and3" type="simple" />
          </root>
        </classPath>
        <sourcePath>
          <root type="composite" />
        </sourcePath>
      </roots>
      <additional ASSOCIATED_PROJECT_PATH="D:/PycharmProjects/Business_spider_projects" />
    </jdk>
    <jdk version="2">
      <name value="Python 3.7 (venv) (2)" />
      <type value="Python SDK" />
      <version value="Python 3.7.2" />
      <homePath value="D:\PycharmProjects\Business_spider_projects\venv\Scripts\python.exe" />
      <roots>
        <classPath>
          <root type="composite">
            <root url="file://D:/Python37/DLLs" type="simple" />
            <root url="file://D:/Python37/Lib" type="simple" />
            <root url="file://D:/Python37" type="simple" />
            <root url="file://D:/PycharmProjects/business_spider_projects/venv" type="simple" />
            <root url="file://D:/PycharmProjects/business_spider_projects/venv/Lib/site-packages" type="simple" />
            <root url="jar://D:/PycharmProjects/business_spider_projects/venv/Lib/site-packages/setuptools-40.8.0-py3.7.egg!/" type="simple" />
            <root url="file://D:/PycharmProjects/business_spider_projects/venv/Lib/site-packages/pip-19.0.3-py3.7.egg" type="simple" />
            <root url="file://$USER_HOME$/.PyCharm2019.2/system/python_stubs/922458053" type="simple" />
            <root url="file://$APPLICATION_HOME_DIR$/helpers/python-skeletons" type="simple" />
            <root url="file://$APPLICATION_HOME_DIR$/helpers/typeshed/stdlib/3" type="simple" />
            <root url="file://$APPLICATION_HOME_DIR$/helpers/typeshed/stdlib/2and3" type="simple" />
            <root url="file://$APPLICATION_HOME_DIR$/helpers/typeshed/third_party/3" type="simple" />
            <root url="file://$APPLICATION_HOME_DIR$/helpers/typeshed/third_party/2and3" type="simple" />
          </root>
        </classPath>
        <sourcePath>
          <root type="composite" />
        </sourcePath>
      </roots>
      <additional />
    </jdk>
    <jdk version="2">
      <name value="Python 3.7 (xdh_django_projects)" />
      <type value="Python SDK" />
      <version value="Python 3.7.2" />
      <homePath value="D:\PycharmProjects\xdh_django_projects\venv\Scripts\python.exe" />
      <roots>
        <classPath>
          <root type="composite">
            <root url="file://D:/Python37/DLLs" type="simple" />
            <root url="file://D:/Python37/Lib" type="simple" />
            <root url="file://D:/Python37" type="simple" />
            <root url="file://D:/PycharmProjects/xdh_django_projects/venv" type="simple" />
            <root url="file://D:/PycharmProjects/xdh_django_projects/venv/Lib/site-packages" type="simple" />
            <root url="jar://D:/PycharmProjects/xdh_django_projects/venv/Lib/site-packages/setuptools-40.8.0-py3.7.egg!/" type="simple" />
            <root url="file://D:/PycharmProjects/xdh_django_projects/venv/Lib/site-packages/pip-19.0.3-py3.7.egg" type="simple" />
            <root url="file://$USER_HOME$/.PyCharm2019.2/system/python_stubs/2066479531" type="simple" />
            <root url="file://$APPLICATION_HOME_DIR$/helpers/python-skeletons" type="simple" />
            <root url="file://$APPLICATION_HOME_DIR$/helpers/typeshed/stdlib/3" type="simple" />
            <root url="file://$APPLICATION_HOME_DIR$/helpers/typeshed/stdlib/2and3" type="simple" />
            <root url="file://$APPLICATION_HOME_DIR$/helpers/typeshed/third_party/3" type="simple" />
            <root url="file://$APPLICATION_HOME_DIR$/helpers/typeshed/third_party/2and3" type="simple" />
          </root>
        </classPath>
        <sourcePath>
          <root type="composite" />
        </sourcePath>
      </roots>
      <additional ASSOCIATED_PROJECT_PATH="D:/PycharmProjects/xdh_django_projects" />
    </jdk>
    <jdk version="2">
      <name value="Python 2.7" />
      <type value="Python SDK" />
      <version value="Python 2.7.17" />
      <homePath value="D:\Python27\python.exe" />
      <roots>
        <classPath>
          <root type="composite">
            <root url="file://D:/Python27/DLLs" type="simple" />
            <root url="file://D:/Python27/Lib" type="simple" />
            <root url="file://D:/Python27/Lib/lib-tk" type="simple" />
            <root url="file://D:/Python27" type="simple" />
            <root url="file://D:/Python27/Lib/site-packages" type="simple" />
            <root url="file://$USER_HOME$/.PyCharm2019.2/system/python_stubs/1494736245" type="simple" />
            <root url="file://$APPLICATION_HOME_DIR$/helpers/python-skeletons" type="simple" />
            <root url="file://$APPLICATION_HOME_DIR$/helpers/typeshed/stdlib/2" type="simple" />
            <root url="file://$APPLICATION_HOME_DIR$/helpers/typeshed/stdlib/2and3" type="simple" />
            <root url="file://$APPLICATION_HOME_DIR$/helpers/typeshed/third_party/2" type="simple" />
            <root url="file://$APPLICATION_HOME_DIR$/helpers/typeshed/third_party/2and3" type="simple" />
          </root>
        </classPath>
        <sourcePath>
          <root type="composite" />
        </sourcePath>
      </roots>
      <additional />
    </jdk>
    <jdk version="2">
      <name value="Python 3.7 (images_deal)" />
      <type value="Python SDK" />
      <version value="Python 3.7.2" />
      <homePath value="D:\PycharmProjects\images_deal\venv\Scripts\python.exe" />
      <roots>
        <classPath>
          <root type="composite">
            <root url="file://D:/Python37/DLLs" type="simple" />
            <root url="file://D:/Python37/Lib" type="simple" />
            <root url="file://D:/Python37" type="simple" />
            <root url="file://D:/PycharmProjects/images_deal/venv" type="simple" />
            <root url="file://D:/PycharmProjects/images_deal/venv/Lib/site-packages" type="simple" />
            <root url="jar://D:/PycharmProjects/images_deal/venv/Lib/site-packages/setuptools-40.8.0-py3.7.egg!/" type="simple" />
            <root url="file://D:/PycharmProjects/images_deal/venv/Lib/site-packages/pip-19.0.3-py3.7.egg" type="simple" />
            <root url="file://$USER_HOME$/.PyCharm2019.2/system/python_stubs/530161123" type="simple" />
            <root url="file://$APPLICATION_HOME_DIR$/helpers/python-skeletons" type="simple" />
            <root url="file://$APPLICATION_HOME_DIR$/helpers/typeshed/stdlib/3" type="simple" />
            <root url="file://$APPLICATION_HOME_DIR$/helpers/typeshed/stdlib/2and3" type="simple" />
            <root url="file://$APPLICATION_HOME_DIR$/helpers/typeshed/third_party/3" type="simple" />
            <root url="file://$APPLICATION_HOME_DIR$/helpers/typeshed/third_party/2and3" type="simple" />
          </root>
        </classPath>
        <sourcePath>
          <root type="composite" />
        </sourcePath>
      </roots>
      <additional ASSOCIATED_PROJECT_PATH="D:/PycharmProjects/images_deal" />
    </jdk>
    <jdk version="2">
      <name value="Python 3.7 (django_yichuan_project)" />
      <type value="Python SDK" />
      <version value="Python 3.7.2" />
      <homePath value="D:\PycharmProjects\django_yichuan_project\venv\Scripts\python.exe" />
      <roots>
        <classPath>
          <root type="composite">
            <root url="file://D:/Python37/DLLs" type="simple" />
            <root url="file://D:/Python37/Lib" type="simple" />
            <root url="file://D:/Python37" type="simple" />
            <root url="file://D:/PycharmProjects/django_yichuan_project/venv" type="simple" />
            <root url="file://D:/PycharmProjects/django_yichuan_project/venv/Lib/site-packages" type="simple" />
            <root url="jar://D:/PycharmProjects/django_yichuan_project/venv/Lib/site-packages/setuptools-40.8.0-py3.7.egg!/" type="simple" />
            <root url="file://D:/PycharmProjects/django_yichuan_project/venv/Lib/site-packages/pip-19.0.3-py3.7.egg" type="simple" />
            <root url="file://$USER_HOME$/.PyCharm2019.2/system/python_stubs/91900755" type="simple" />
            <root url="file://$APPLICATION_HOME_DIR$/helpers/python-skeletons" type="simple" />
            <root url="file://$APPLICATION_HOME_DIR$/helpers/typeshed/stdlib/3" type="simple" />
            <root url="file://$APPLICATION_HOME_DIR$/helpers/typeshed/stdlib/2and3" type="simple" />
            <root url="file://$APPLICATION_HOME_DIR$/helpers/typeshed/third_party/3" type="simple" />
            <root url="file://$APPLICATION_HOME_DIR$/helpers/typeshed/third_party/2and3" type="simple" />
          </root>
        </classPath>
        <sourcePath>
          <root type="composite" />
        </sourcePath>
      </roots>
      <additional ASSOCIATED_PROJECT_PATH="D:/PycharmProjects/django_yichuan_project" />
    </jdk>
    <jdk version="2">
      <name value="Python 3.7 (venv) (3)" />
      <type value="Python SDK" />
      <version value="Python 3.7.2" />
      <homePath value="D:\PycharmProjects\django_yichuan_project\venv\Scripts\python.exe" />
      <roots>
        <classPath>
          <root type="composite">
            <root url="file://D:/Python37/DLLs" type="simple" />
            <root url="file://D:/Python37/Lib" type="simple" />
            <root url="file://D:/Python37" type="simple" />
            <root url="file://D:/PycharmProjects/django_yichuan_project/venv" type="simple" />
            <root url="file://D:/PycharmProjects/django_yichuan_project/venv/Lib/site-packages" type="simple" />
            <root url="jar://D:/PycharmProjects/django_yichuan_project/venv/Lib/site-packages/setuptools-40.8.0-py3.7.egg!/" type="simple" />
            <root url="file://D:/PycharmProjects/django_yichuan_project/venv/Lib/site-packages/pip-19.0.3-py3.7.egg" type="simple" />
            <root url="file://$USER_HOME$/.PyCharm2019.2/system/python_stubs/91900755" type="simple" />
            <root url="file://$APPLICATION_HOME_DIR$/helpers/python-skeletons" type="simple" />
            <root url="file://$APPLICATION_HOME_DIR$/helpers/typeshed/stdlib/3" type="simple" />
            <root url="file://$APPLICATION_HOME_DIR$/helpers/typeshed/stdlib/2and3" type="simple" />
            <root url="file://$APPLICATION_HOME_DIR$/helpers/typeshed/third_party/3" type="simple" />
            <root url="file://$APPLICATION_HOME_DIR$/helpers/typeshed/third_party/2and3" type="simple" />
          </root>
        </classPath>
        <sourcePath>
          <root type="composite" />
        </sourcePath>
      </roots>
      <additional />
    </jdk>
    <jdk version="2">
      <name value="Python 3.7 (py16-project)" />
      <type value="Python SDK" />
      <version value="Python 3.7.2" />
      <homePath value="D:\PycharmProjects\py16-project\venv\Scripts\python.exe" />
      <roots>
        <classPath>
          <root type="composite">
            <root url="file://D:/Python37/DLLs" type="simple" />
            <root url="file://D:/Python37/Lib" type="simple" />
            <root url="file://D:/Python37" type="simple" />
            <root url="file://D:/PycharmProjects/py16-project/venv" type="simple" />
            <root url="file://D:/PycharmProjects/py16-project/venv/Lib/site-packages" type="simple" />
            <root url="file://$USER_HOME$/.PyCharm2019.2/system/python_stubs/1352380618" type="simple" />
            <root url="file://$APPLICATION_HOME_DIR$/helpers/python-skeletons" type="simple" />
            <root url="file://$APPLICATION_HOME_DIR$/helpers/typeshed/stdlib/3" type="simple" />
            <root url="file://$APPLICATION_HOME_DIR$/helpers/typeshed/stdlib/2and3" type="simple" />
            <root url="file://$APPLICATION_HOME_DIR$/helpers/typeshed/third_party/3" type="simple" />
            <root url="file://$APPLICATION_HOME_DIR$/helpers/typeshed/third_party/2and3" type="simple" />
          </root>
        </classPath>
        <sourcePath>
          <root type="composite" />
        </sourcePath>
      </roots>
      <additional ASSOCIATED_PROJECT_PATH="D:/PycharmProjects/py16-project" />
    </jdk>
  </component>
</application>