<toolSet name="External Tools">
  <tool name="Pyinstaller_EXE" description="generate_a_exe_file" showInMainMenu="false" showInEditor="false" showInProject="false" showInSearchPopup="false" disabled="false" useConsole="true" showConsoleOnStdOut="false" showConsoleOnStdErr="false" synchronizeAfterRun="true">
    <exec>
      <option name="COMMAND" value="D:\Python37\Scripts\pyinstaller.exe" />
      <option name="PARAMETERS" value="-F $FileNameWithoutExtension$.py" />
      <option name="WORKING_DIRECTORY" value="$FileDir$" />
    </exec>
  </tool>
  <tool name="Pyinstaller_EXE_tkinter" description="generate_tkinter_exe_file" showInMainMenu="false" showInEditor="false" showInProject="false" showInSearchPopup="false" disabled="false" useConsole="true" showConsoleOnStdOut="false" showConsoleOnStdErr="false" synchronizeAfterRun="true">
    <exec>
      <option name="COMMAND" value="D:\Python37\Scripts\pyinstaller.exe" />
      <option name="PARAMETERS" value="--hidden-import=queue -F -w $FileNameWithoutExtension$.py" />
      <option name="WORKING_DIRECTORY" value="$FileDir$" />
    </exec>
  </tool>
  <tool name="QtDesigner" showInMainMenu="false" showInEditor="false" showInProject="false" showInSearchPopup="false" disabled="false" useConsole="true" showConsoleOnStdOut="false" showConsoleOnStdErr="false" synchronizeAfterRun="true">
    <exec>
      <option name="COMMAND" value="D:\PycharmProjects\business_spider_projects\venv\Lib\site-packages\pyqt5_tools\Qt\bin\designer.exe" />
      <option name="PARAMETERS" />
      <option name="WORKING_DIRECTORY" value="$FileDir$" />
    </exec>
  </tool>
  <tool name="PyUIC" showInMainMenu="false" showInEditor="false" showInProject="false" showInSearchPopup="false" disabled="false" useConsole="true" showConsoleOnStdOut="false" showConsoleOnStdErr="false" synchronizeAfterRun="true">
    <exec>
      <option name="COMMAND" value="D:\Python37\python.exe" />
      <option name="PARAMETERS" value="-m PyQt5.uic.pyuic $FileName$ -o $FileNameWithoutExtension$.py" />
      <option name="WORKING_DIRECTORY" value="$FileDir$" />
    </exec>
  </tool>
  <tool name="PyRCC" showInMainMenu="false" showInEditor="false" showInProject="false" showInSearchPopup="false" disabled="false" useConsole="true" showConsoleOnStdOut="false" showConsoleOnStdErr="false" synchronizeAfterRun="true">
    <exec>
      <option name="COMMAND" value="E:\Python37\Scripts\pyrcc5.exe" />
      <option name="PARAMETERS" value="$FileName$ -o $FileNameWithoutExtension$_rc.py" />
      <option name="WORKING_DIRECTORY" value="$FileDir$" />
    </exec>
  </tool>
  <tool name="Pyinstaller_EXE_PyQt" description="pqyt5打包的exe文件" showInMainMenu="false" showInEditor="false" showInProject="false" showInSearchPopup="false" disabled="false" useConsole="true" showConsoleOnStdOut="false" showConsoleOnStdErr="false" synchronizeAfterRun="true">
    <exec>
      <option name="COMMAND" value="D:\Python37\Scripts\pyinstaller.exe" />
      <option name="PARAMETERS" value="--hidden-import=queue -F -w $FileNameWithoutExtension$.py -w -F --icon=&quot;name.ico&quot; --upx-dir [D:\upx-3.95-win64\upx.exe]" />
      <option name="WORKING_DIRECTORY" value="$FileDir$" />
    </exec>
  </tool>
</toolSet>