<profile version="1.0">
  <option name="myName" value="Default" />
  <inspection_tool class="PyUnresolvedReferencesInspection" enabled="true" level="WARNING" enabled_by_default="true">
    <option name="ignoredIdentifiers">
      <list>
        <option value="医学院.天津医科大学.first_spider" />
        <option value="医学院.天津医科大学.MainPageInfo" />
        <option value="医学院.天津中医药大学.first_spider" />
        <option value="医学院.天津中医药大学.MainPageInfo" />
        <option value="医学院.河北医科大学.first_spider" />
        <option value="医学院.河北医科大学.MainPageInfo" />
        <option value="医学院.河北医科大学.ReFind" />
        <option value="anjuke.code.anjukeTest1.usual_spider" />
        <option value="anjuke.code.anjukeTest1.MainPageInfo" />
        <option value="first_web.home.urls.home" />
      </list>
    </option>
  </inspection_tool>
</profile>