<application>
  <component name="DefaultFont">
    <option name="FONT_SIZE" value="22" />
    <option name="FONT_FAMILY" value="DengXian" />
    <option name="SECONDARY_FONT_FAMILY" value="FangSong" />
  </component>
  <component name="EditorSettings">
    <option name="languageBreadcrumbsMap">
      <map>
        <entry key="DjangoTemplate" value="true" />
      </map>
    </option>
    <option name="USE_SOFT_WRAPS" value="MAIN_EDITOR:CONSOLE" />
    <option name="SOFT_WRAP_FILE_MASKS" value="*" />
    <option name="IS_WHEEL_FONTCHANGE_ENABLED" value="true" />
  </component>
</application>