<application>
  <component name="FileTypeManager" version="17">
    <ignoreFiles list="*$py.class;*.hprof;*.pyc;*.pyo;*.rbc;*.yarb;*~;.DS_Store;.git;.hg;.svn;CVS;__pycache__;_svn;vssver.scc;vssver2.scc;" />
    <extensionMap>
      <mapping pattern="*.js.flow" type="Flow" />
      <mapping pattern="*.js.flow" type="Flow" />
      <mapping pattern="mixin设计模式" type="PLAIN_TEXT" />
      <mapping pattern="魔术方法4" type="PLAIN_TEXT" />
      <mapping pattern="魔术方法3" type="PLAIN_TEXT" />
      <mapping pattern="魔术方法2" type="PLAIN_TEXT" />
      <mapping pattern="类和对象的实现和书写" type="PLAIN_TEXT" />
      <mapping pattern="MVC&amp;MTV架构" type="PLAIN_TEXT" />
      <mapping pattern="Django之前的准备工作" type="PLAIN_TEXT" />
      <mapping pattern="装饰器" type="PLAIN_TEXT" />
      <mapping pattern="config" type="PLAIN_TEXT" />
      <mapping pattern="面向对象三大特征-封装" type="PLAIN_TEXT" />
      <mapping pattern="类和对象成员的操作" type="PLAIN_TEXT" />
      <mapping pattern="单继承与多继承" type="PLAIN_TEXT" />
      <mapping pattern="第一个Django项目" type="PLAIN_TEXT" />
      <mapping pattern="魔术方法" type="PLAIN_TEXT" />
      <mapping pattern="register" type="PLAIN_TEXT" />
      <mapping pattern="类和对象" type="PLAIN_TEXT" />
      <mapping pattern="受保护的封装" type="PLAIN_TEXT" />
      <mapping pattern="面向对象常用函数" type="PLAIN_TEXT" />
      <mapping pattern="creator中共各个文件的作用.md" type="PLAIN_TEXT" />
      <mapping pattern="魔术方法5" type="PLAIN_TEXT" />
      <mapping pattern="note-Django介绍" type="PLAIN_TEXT" />
      <mapping pattern="error" type="PLAIN_TEXT" />
      <mapping pattern="网页的结构" type="PLAIN_TEXT" />
      <mapping pattern="描述符" type="PLAIN_TEXT" />
      <mapping pattern="描述符2" type="PLAIN_TEXT" />
      <mapping pattern="Django介绍" type="PLAIN_TEXT" />
      <mapping pattern="内置成员及方法分类" type="PLAIN_TEXT" />
      <mapping pattern="demo" type="PLAIN_TEXT" />
      <mapping pattern="self这个特殊参数" type="PLAIN_TEXT" />
      <mapping pattern="菱形继承的bug解决" type="PLAIN_TEXT" />
      <mapping pattern="note" type="PLAIN_TEXT" />
      <mapping pattern="知识体系" type="PLAIN_TEXT" />
      <mapping pattern="抽象类" type="PLAIN_TEXT" />
      <mapping pattern="面向对象" type="PLAIN_TEXT" />
      <mapping pattern="面向对象三大特征-继承" type="PLAIN_TEXT" />
      <mapping pattern="Django虚拟环境" type="PLAIN_TEXT" />
      <mapping ext="xmind" type="PLAIN_TEXT" />
      <removed_mapping ext="cmd" approved="true" type="PLAIN_TEXT" />
      <removed_mapping ext="bat" approved="true" type="PLAIN_TEXT" />
      <removed_mapping ext="log" approved="true" type="PLAIN_TEXT" />
      <removed_mapping ext="bat" approved="true" type="PLAIN_TEXT" />
      <removed_mapping ext="log" approved="true" type="PLAIN_TEXT" />
      <removed_mapping ext="dockerfile" approved="true" type="textmate" />
      <removed_mapping ext="makefile" approved="true" type="textmate" />
      <removed_mapping ext="cmd" approved="true" type="PLAIN_TEXT" />
      <removed_mapping ext="snakefile" approved="true" type="textmate" />
    </extensionMap>
  </component>
</application>