<application>
  <component name="ProjectJdkTable">
    <jdk version="2">
      <name value="Python 3.8" />
      <type value="Python SDK" />
      <version value="Python 3.8.0b3" />
      <homePath value="D:\Python38\python.exe" />
      <roots>
        <classPath>
          <root type="composite">
            <root url="jar://D:/Python38/python38.zip!/" type="simple" />
            <root url="file://D:/Python38" type="simple" />
            <root url="file://$USER_HOME$/.PyCharm2019.2/system/python_stubs/1330415957" type="simple" />
            <root url="file://$APPLICATION_HOME_DIR$/helpers/python-skeletons" type="simple" />
            <root url="file://$APPLICATION_HOME_DIR$/helpers/typeshed/stdlib/3" type="simple" />
            <root url="file://$APPLICATION_HOME_DIR$/helpers/typeshed/stdlib/2and3" type="simple" />
            <root url="file://$APPLICATION_HOME_DIR$/helpers/typeshed/third_party/3" type="simple" />
            <root url="file://$APPLICATION_HOME_DIR$/helpers/typeshed/third_party/2and3" type="simple" />
          </root>
        </classPath>
        <sourcePath>
          <root type="composite" />
        </sourcePath>
      </roots>
      <additional />
    </jdk>
    <jdk version="2">
      <name value="Python 3.6 (2)" />
      <type value="Python SDK" />
      <version value="Python 3.6.1" />
      <homePath value="D:\Python36\python.exe" />
      <roots>
        <classPath>
          <root type="composite">
            <root url="file://D:/Python36/DLLs" type="simple" />
            <root url="file://D:/Python36/Lib" type="simple" />
            <root url="file://D:/Python36" type="simple" />
            <root url="file://D:/Python36/Lib/site-packages" type="simple" />
            <root url="file://$USER_HOME$/.PyCharm2019.2/system/python_stubs/1072250519" type="simple" />
            <root url="file://$APPLICATION_HOME_DIR$/helpers/python-skeletons" type="simple" />
            <root url="file://$APPLICATION_HOME_DIR$/helpers/typeshed/stdlib/3" type="simple" />
            <root url="file://$APPLICATION_HOME_DIR$/helpers/typeshed/stdlib/2and3" type="simple" />
            <root url="file://$APPLICATION_HOME_DIR$/helpers/typeshed/third_party/3" type="simple" />
            <root url="file://$APPLICATION_HOME_DIR$/helpers/typeshed/third_party/2and3" type="simple" />
          </root>
        </classPath>
        <sourcePath>
          <root type="composite" />
        </sourcePath>
      </roots>
      <additional />
    </jdk>
    <jdk version="2">
      <name value="Python 3.6 (python_django)" />
      <type value="Python SDK" />
      <version value="Python 3.6.1" />
      <homePath value="E:\PycharmProjects\python_django\venv\Scripts\python.exe" />
      <roots>
        <classPath>
          <root type="composite">
            <root url="file://D:/Python36/DLLs" type="simple" />
            <root url="file://D:/Python36/Lib" type="simple" />
            <root url="file://D:/Python36" type="simple" />
            <root url="file://E:/PycharmProjects/python_django/venv" type="simple" />
            <root url="file://E:/PycharmProjects/python_django/venv/Lib/site-packages" type="simple" />
            <root url="jar://E:/PycharmProjects/python_django/venv/Lib/site-packages/setuptools-40.8.0-py3.6.egg!/" type="simple" />
            <root url="file://E:/PycharmProjects/python_django/venv/Lib/site-packages/pip-19.0.3-py3.6.egg" type="simple" />
            <root url="file://$USER_HOME$/.PyCharm2019.1/system/python_stubs/679012877" type="simple" />
            <root url="file://$APPLICATION_HOME_DIR$/helpers/python-skeletons" type="simple" />
            <root url="file://$APPLICATION_HOME_DIR$/helpers/typeshed/stdlib/2" type="simple" />
            <root url="file://$APPLICATION_HOME_DIR$/helpers/typeshed/stdlib/2and3" type="simple" />
            <root url="file://$APPLICATION_HOME_DIR$/helpers/typeshed/third_party/2" type="simple" />
            <root url="file://$APPLICATION_HOME_DIR$/helpers/typeshed/third_party/2and3" type="simple" />
          </root>
        </classPath>
        <sourcePath>
          <root type="composite" />
        </sourcePath>
      </roots>
      <additional ASSOCIATED_PROJECT_PATH="E:/PycharmProjects/python_django" />
    </jdk>
    <jdk version="2">
      <name value="Python 3.6 (venv)" />
      <type value="Python SDK" />
      <version value="Python 3.6.1" />
      <homePath value="E:\PycharmProjects\python_django\venv\Scripts\python.exe" />
      <roots>
        <classPath>
          <root type="composite">
            <root url="file://D:/Python36/DLLs" type="simple" />
            <root url="file://D:/Python36/Lib" type="simple" />
            <root url="file://D:/Python36" type="simple" />
            <root url="file://E:/PycharmProjects/python_django/venv" type="simple" />
            <root url="file://E:/PycharmProjects/python_django/venv/Lib/site-packages" type="simple" />
            <root url="jar://E:/PycharmProjects/python_django/venv/Lib/site-packages/setuptools-40.8.0-py3.6.egg!/" type="simple" />
            <root url="file://E:/PycharmProjects/python_django/venv/Lib/site-packages/pip-19.0.3-py3.6.egg" type="simple" />
            <root url="file://$USER_HOME$/.PyCharm2019.1/system/python_stubs/679012877" type="simple" />
            <root url="file://$APPLICATION_HOME_DIR$/helpers/python-skeletons" type="simple" />
            <root url="file://$APPLICATION_HOME_DIR$/helpers/typeshed/stdlib/3" type="simple" />
            <root url="file://$APPLICATION_HOME_DIR$/helpers/typeshed/stdlib/2and3" type="simple" />
            <root url="file://$APPLICATION_HOME_DIR$/helpers/typeshed/third_party/3" type="simple" />
            <root url="file://$APPLICATION_HOME_DIR$/helpers/typeshed/third_party/2and3" type="simple" />
          </root>
        </classPath>
        <sourcePath>
          <root type="composite" />
        </sourcePath>
      </roots>
      <additional />
    </jdk>
    <jdk version="2">
      <name value="Python 3.6 (百度AI开放平台)" />
      <type value="Python SDK" />
      <version value="Python 3.6.1" />
      <homePath value="E:\PycharmProjects\python_January\百度AI开放平台\venv\Scripts\python.exe" />
      <roots>
        <classPath>
          <root type="composite">
            <root url="file://D:/Python36/DLLs" type="simple" />
            <root url="file://D:/Python36/Lib" type="simple" />
            <root url="file://D:/Python36" type="simple" />
            <root url="file://E:/PycharmProjects/python_January/百度AI开放平台/venv" type="simple" />
            <root url="file://E:/PycharmProjects/python_January/百度AI开放平台/venv/Lib/site-packages" type="simple" />
            <root url="jar://E:/PycharmProjects/python_January/百度AI开放平台/venv/Lib/site-packages/setuptools-40.8.0-py3.6.egg!/" type="simple" />
            <root url="file://E:/PycharmProjects/python_January/百度AI开放平台/venv/Lib/site-packages/pip-19.0.3-py3.6.egg" type="simple" />
            <root url="file://$USER_HOME$/.PyCharm2019.1/system/python_stubs/-1742579198" type="simple" />
            <root url="file://$APPLICATION_HOME_DIR$/helpers/python-skeletons" type="simple" />
            <root url="file://$APPLICATION_HOME_DIR$/helpers/typeshed/stdlib/2" type="simple" />
            <root url="file://$APPLICATION_HOME_DIR$/helpers/typeshed/stdlib/2and3" type="simple" />
            <root url="file://$APPLICATION_HOME_DIR$/helpers/typeshed/third_party/2" type="simple" />
            <root url="file://$APPLICATION_HOME_DIR$/helpers/typeshed/third_party/2and3" type="simple" />
          </root>
        </classPath>
        <sourcePath>
          <root type="composite" />
        </sourcePath>
      </roots>
      <additional ASSOCIATED_PROJECT_PATH="E:/PycharmProjects/python_January/百度AI开放平台" />
    </jdk>
    <jdk version="2">
      <name value="Python 3.6 (spider_pro)" />
      <type value="Python SDK" />
      <version value="Python 3.6.1" />
      <homePath value="E:\PycharmProjects\spider_pro\venv\Scripts\python.exe" />
      <roots>
        <classPath>
          <root type="composite">
            <root url="file://D:/Python36/DLLs" type="simple" />
            <root url="file://D:/Python36/Lib" type="simple" />
            <root url="file://D:/Python36" type="simple" />
            <root url="file://E:/PycharmProjects/spider_pro/venv" type="simple" />
            <root url="file://E:/PycharmProjects/spider_pro/venv/Lib/site-packages" type="simple" />
            <root url="jar://E:/PycharmProjects/spider_pro/venv/Lib/site-packages/setuptools-40.8.0-py3.6.egg!/" type="simple" />
            <root url="file://E:/PycharmProjects/spider_pro/venv/Lib/site-packages/pip-19.0.3-py3.6.egg" type="simple" />
            <root url="file://$USER_HOME$/.PyCharm2019.2/system/python_stubs/-1106935964" type="simple" />
            <root url="file://$APPLICATION_HOME_DIR$/helpers/python-skeletons" type="simple" />
            <root url="file://$APPLICATION_HOME_DIR$/helpers/typeshed/stdlib/3" type="simple" />
            <root url="file://$APPLICATION_HOME_DIR$/helpers/typeshed/stdlib/2and3" type="simple" />
            <root url="file://$APPLICATION_HOME_DIR$/helpers/typeshed/third_party/3" type="simple" />
            <root url="file://$APPLICATION_HOME_DIR$/helpers/typeshed/third_party/2and3" type="simple" />
          </root>
        </classPath>
        <sourcePath>
          <root type="composite" />
        </sourcePath>
      </roots>
      <additional />
    </jdk>
    <jdk version="2">
      <name value="Python 3.7 (data_science)" />
      <type value="Python SDK" />
      <version value="Python 3.7.3" />
      <homePath value="D:\Anaconda3\python.exe" />
      <roots>
        <classPath>
          <root type="composite">
            <root url="file://D:/Anaconda3/DLLs" type="simple" />
            <root url="file://D:/Anaconda3/Lib" type="simple" />
            <root url="file://D:/Anaconda3/Lib/site-packages" type="simple" />
            <root url="file://D:/Anaconda3/Lib/site-packages/win32" type="simple" />
            <root url="file://D:/Anaconda3/Lib/site-packages/win32/lib" type="simple" />
            <root url="file://D:/Anaconda3/Lib/site-packages/pythonwin" type="simple" />
            <root url="file://$USER_HOME$/.PyCharm2019.2/system/python_stubs/-2036615904" type="simple" />
            <root url="file://$APPLICATION_HOME_DIR$/helpers/python-skeletons" type="simple" />
            <root url="file://$APPLICATION_HOME_DIR$/helpers/typeshed/stdlib/3" type="simple" />
            <root url="file://$APPLICATION_HOME_DIR$/helpers/typeshed/stdlib/2and3" type="simple" />
            <root url="file://$APPLICATION_HOME_DIR$/helpers/typeshed/third_party/3" type="simple" />
            <root url="file://$APPLICATION_HOME_DIR$/helpers/typeshed/third_party/2and3" type="simple" />
          </root>
        </classPath>
        <sourcePath>
          <root type="composite" />
        </sourcePath>
      </roots>
      <additional />
    </jdk>
    <jdk version="2">
      <name value="Python 3.7" />
      <type value="Python SDK" />
      <version value="Python 3.7.2" />
      <homePath value="C:\Program Files\Python37\python.exe" />
      <roots>
        <classPath>
          <root type="composite">
            <root url="file://C:/Program Files/Python37/DLLs" type="simple" />
            <root url="file://C:/Program Files/Python37/Lib" type="simple" />
            <root url="file://C:/Program Files/Python37" type="simple" />
            <root url="file://C:/Program Files/Python37/Lib/site-packages" type="simple" />
            <root url="file://$USER_HOME$/.PyCharm2019.2/system/python_stubs/-991083293" type="simple" />
            <root url="file://$APPLICATION_HOME_DIR$/helpers/python-skeletons" type="simple" />
            <root url="file://$APPLICATION_HOME_DIR$/helpers/typeshed/stdlib/3" type="simple" />
            <root url="file://$APPLICATION_HOME_DIR$/helpers/typeshed/stdlib/2and3" type="simple" />
            <root url="file://$APPLICATION_HOME_DIR$/helpers/typeshed/third_party/3" type="simple" />
            <root url="file://$APPLICATION_HOME_DIR$/helpers/typeshed/third_party/2and3" type="simple" />
          </root>
        </classPath>
        <sourcePath>
          <root type="composite" />
        </sourcePath>
      </roots>
      <additional />
    </jdk>
    <jdk version="2">
      <name value="Python 3.7 (django_blog)" />
      <type value="Python SDK" />
      <version value="Python 3.7.2" />
      <homePath value="D:\PycharmProjects\django_blog\venv\Scripts\python.exe" />
      <roots>
        <classPath>
          <root type="composite">
            <root url="file://C:/Program Files/Python37/DLLs" type="simple" />
            <root url="file://C:/Program Files/Python37/Lib" type="simple" />
            <root url="file://C:/Program Files/Python37" type="simple" />
            <root url="file://D:/PycharmProjects/django_blog/venv" type="simple" />
            <root url="file://D:/PycharmProjects/django_blog/venv/Lib/site-packages" type="simple" />
            <root url="jar://D:/PycharmProjects/django_blog/venv/Lib/site-packages/setuptools-40.8.0-py3.7.egg!/" type="simple" />
            <root url="file://D:/PycharmProjects/django_blog/venv/Lib/site-packages/pip-19.0.3-py3.7.egg" type="simple" />
            <root url="file://$USER_HOME$/.PyCharm2019.2/system/python_stubs/2062918934" type="simple" />
            <root url="file://$APPLICATION_HOME_DIR$/helpers/python-skeletons" type="simple" />
            <root url="file://$APPLICATION_HOME_DIR$/helpers/typeshed/stdlib/3" type="simple" />
            <root url="file://$APPLICATION_HOME_DIR$/helpers/typeshed/stdlib/2and3" type="simple" />
            <root url="file://$APPLICATION_HOME_DIR$/helpers/typeshed/third_party/3" type="simple" />
            <root url="file://$APPLICATION_HOME_DIR$/helpers/typeshed/third_party/2and3" type="simple" />
          </root>
        </classPath>
        <sourcePath>
          <root type="composite" />
        </sourcePath>
      </roots>
      <additional ASSOCIATED_PROJECT_PATH="D:/PycharmProjects/django_blog" />
    </jdk>
    <jdk version="2">
      <name value="Python 3.7 (itcast_tornado)" />
      <type value="Python SDK" />
      <version value="Python 3.7.2" />
      <homePath value="D:\PycharmProjects\itcast_tornado\venv\Scripts\python.exe" />
      <roots>
        <classPath>
          <root type="composite">
            <root url="file://C:/Program Files/Python37/DLLs" type="simple" />
            <root url="file://C:/Program Files/Python37/Lib" type="simple" />
            <root url="file://C:/Program Files/Python37" type="simple" />
            <root url="file://D:/PycharmProjects/itcast_tornado/venv" type="simple" />
            <root url="file://D:/PycharmProjects/itcast_tornado/venv/Lib/site-packages" type="simple" />
            <root url="jar://D:/PycharmProjects/itcast_tornado/venv/Lib/site-packages/setuptools-40.8.0-py3.7.egg!/" type="simple" />
            <root url="file://D:/PycharmProjects/itcast_tornado/venv/Lib/site-packages/pip-19.0.3-py3.7.egg" type="simple" />
            <root url="file://$USER_HOME$/.PyCharm2019.2/system/python_stubs/-625932400" type="simple" />
            <root url="file://$APPLICATION_HOME_DIR$/helpers/python-skeletons" type="simple" />
            <root url="file://$APPLICATION_HOME_DIR$/helpers/typeshed/stdlib/3" type="simple" />
            <root url="file://$APPLICATION_HOME_DIR$/helpers/typeshed/stdlib/2and3" type="simple" />
            <root url="file://$APPLICATION_HOME_DIR$/helpers/typeshed/third_party/3" type="simple" />
            <root url="file://$APPLICATION_HOME_DIR$/helpers/typeshed/third_party/2and3" type="simple" />
          </root>
        </classPath>
        <sourcePath>
          <root type="composite" />
        </sourcePath>
      </roots>
      <additional ASSOCIATED_PROJECT_PATH="D:/PycharmProjects/itcast_tornado" />
    </jdk>
    <jdk version="2">
      <name value="Python 3.7 (first_projects)" />
      <type value="Python SDK" />
      <version value="Python 3.7.2" />
      <homePath value="D:\PycharmProjects\first_projects\venv\Scripts\python.exe" />
      <roots>
        <classPath>
          <root type="composite">
            <root url="file://C:/Program Files/Python37/DLLs" type="simple" />
            <root url="file://C:/Program Files/Python37/Lib" type="simple" />
            <root url="file://C:/Program Files/Python37" type="simple" />
            <root url="file://D:/PycharmProjects/first_projects/venv" type="simple" />
            <root url="file://D:/PycharmProjects/first_projects/venv/Lib/site-packages" type="simple" />
            <root url="jar://D:/PycharmProjects/first_projects/venv/Lib/site-packages/setuptools-40.8.0-py3.7.egg!/" type="simple" />
            <root url="file://D:/PycharmProjects/first_projects/venv/Lib/site-packages/pip-19.0.3-py3.7.egg" type="simple" />
            <root url="file://$USER_HOME$/.PyCharm2019.2/system/python_stubs/-1805317447" type="simple" />
            <root url="file://$APPLICATION_HOME_DIR$/helpers/python-skeletons" type="simple" />
            <root url="file://$APPLICATION_HOME_DIR$/helpers/typeshed/stdlib/3" type="simple" />
            <root url="file://$APPLICATION_HOME_DIR$/helpers/typeshed/stdlib/2and3" type="simple" />
            <root url="file://$APPLICATION_HOME_DIR$/helpers/typeshed/third_party/3" type="simple" />
            <root url="file://$APPLICATION_HOME_DIR$/helpers/typeshed/third_party/2and3" type="simple" />
          </root>
        </classPath>
        <sourcePath>
          <root type="composite" />
        </sourcePath>
      </roots>
      <additional ASSOCIATED_PROJECT_PATH="D:/PycharmProjects/first_projects" />
    </jdk>
    <jdk version="2">
      <name value="Python 3.7 (business_spider_projects)" />
      <type value="Python SDK" />
      <version value="Python 3.7.2" />
      <homePath value="D:\PycharmProjects\business_spider_projects\venv\Scripts\python.exe" />
      <roots>
        <classPath>
          <root type="composite">
            <root url="file://C:/Program Files/Python37/DLLs" type="simple" />
            <root url="file://C:/Program Files/Python37/Lib" type="simple" />
            <root url="file://C:/Program Files/Python37" type="simple" />
            <root url="file://D:/PycharmProjects/business_spider_projects/venv" type="simple" />
            <root url="file://D:/PycharmProjects/business_spider_projects/venv/Lib/site-packages" type="simple" />
            <root url="jar://D:/PycharmProjects/business_spider_projects/venv/Lib/site-packages/setuptools-40.8.0-py3.7.egg!/" type="simple" />
            <root url="file://D:/PycharmProjects/business_spider_projects/venv/Lib/site-packages/pip-19.0.3-py3.7.egg" type="simple" />
            <root url="file://$USER_HOME$/.PyCharm2019.2/system/python_stubs/1884279717" type="simple" />
            <root url="file://$APPLICATION_HOME_DIR$/helpers/python-skeletons" type="simple" />
            <root url="file://$APPLICATION_HOME_DIR$/helpers/typeshed/stdlib/3" type="simple" />
            <root url="file://$APPLICATION_HOME_DIR$/helpers/typeshed/stdlib/2and3" type="simple" />
            <root url="file://$APPLICATION_HOME_DIR$/helpers/typeshed/third_party/3" type="simple" />
            <root url="file://$APPLICATION_HOME_DIR$/helpers/typeshed/third_party/2and3" type="simple" />
          </root>
        </classPath>
        <sourcePath>
          <root type="composite" />
        </sourcePath>
      </roots>
      <additional ASSOCIATED_PROJECT_PATH="D:/PycharmProjects/business_spider_projects" />
    </jdk>
    <jdk version="2">
      <name value="Python 3.7 (django_project)" />
      <type value="Python SDK" />
      <version value="Python 3.7.2" />
      <homePath value="D:\WebstormProjects\django_project\venv\Scripts\python.exe" />
      <roots>
        <classPath>
          <root type="composite">
            <root url="file://C:/Program Files/Python37/DLLs" type="simple" />
            <root url="file://C:/Program Files/Python37/Lib" type="simple" />
            <root url="file://C:/Program Files/Python37" type="simple" />
            <root url="file://D:/WebstormProjects/django_project/venv" type="simple" />
            <root url="file://D:/WebstormProjects/django_project/venv/Lib/site-packages" type="simple" />
            <root url="jar://D:/WebstormProjects/django_project/venv/Lib/site-packages/setuptools-40.8.0-py3.7.egg!/" type="simple" />
            <root url="file://D:/WebstormProjects/django_project/venv/Lib/site-packages/pip-19.0.3-py3.7.egg" type="simple" />
            <root url="file://$USER_HOME$/.PyCharm2019.2/system/python_stubs/658229676" type="simple" />
            <root url="file://$APPLICATION_HOME_DIR$/helpers/python-skeletons" type="simple" />
            <root url="file://$APPLICATION_HOME_DIR$/helpers/typeshed/stdlib/3" type="simple" />
            <root url="file://$APPLICATION_HOME_DIR$/helpers/typeshed/stdlib/2and3" type="simple" />
            <root url="file://$APPLICATION_HOME_DIR$/helpers/typeshed/third_party/3" type="simple" />
            <root url="file://$APPLICATION_HOME_DIR$/helpers/typeshed/third_party/2and3" type="simple" />
          </root>
        </classPath>
        <sourcePath>
          <root type="composite" />
        </sourcePath>
      </roots>
      <additional ASSOCIATED_PROJECT_PATH="D:/WebstormProjects/django_project" />
    </jdk>
    <jdk version="2">
      <name value="Python 3.7 (mysite)" />
      <type value="Python SDK" />
      <version value="Python 3.7.2" />
      <homePath value="D:\WebstormProjects\vue-django-project\mysite\venv\Scripts\python.exe" />
      <roots>
        <classPath>
          <root type="composite">
            <root url="file://C:/Program Files/Python37/DLLs" type="simple" />
            <root url="file://C:/Program Files/Python37/Lib" type="simple" />
            <root url="file://C:/Program Files/Python37" type="simple" />
            <root url="file://D:/WebstormProjects/vue-django-project/mysite/venv" type="simple" />
            <root url="file://D:/WebstormProjects/vue-django-project/mysite/venv/Lib/site-packages" type="simple" />
            <root url="jar://D:/WebstormProjects/vue-django-project/mysite/venv/Lib/site-packages/setuptools-40.8.0-py3.7.egg!/" type="simple" />
            <root url="file://D:/WebstormProjects/vue-django-project/mysite/venv/Lib/site-packages/pip-19.0.3-py3.7.egg" type="simple" />
            <root url="file://$USER_HOME$/.PyCharm2019.2/system/python_stubs/-549918947" type="simple" />
            <root url="file://$APPLICATION_HOME_DIR$/helpers/python-skeletons" type="simple" />
            <root url="file://$APPLICATION_HOME_DIR$/helpers/typeshed/stdlib/3" type="simple" />
            <root url="file://$APPLICATION_HOME_DIR$/helpers/typeshed/stdlib/2and3" type="simple" />
            <root url="file://$APPLICATION_HOME_DIR$/helpers/typeshed/third_party/3" type="simple" />
            <root url="file://$APPLICATION_HOME_DIR$/helpers/typeshed/third_party/2and3" type="simple" />
          </root>
        </classPath>
        <sourcePath>
          <root type="composite" />
        </sourcePath>
      </roots>
      <additional ASSOCIATED_PROJECT_PATH="D:/WebstormProjects/vue-django-project/mysite" />
    </jdk>
    <jdk version="2">
      <name value="Python 2.7 (edu_platform_django)" />
      <type value="Python SDK" />
      <homePath value="D:\PycharmProjects\edu_platform_django\django_project\venv\Scripts\python.exe" />
      <roots>
        <classPath>
          <root type="composite" />
        </classPath>
        <sourcePath>
          <root type="composite" />
        </sourcePath>
      </roots>
      <additional ASSOCIATED_PROJECT_PATH="D:/PycharmProjects/edu_platform_django" />
    </jdk>
    <jdk version="2">
      <name value="Python 3.7 (2)" />
      <type value="Python SDK" />
      <version value="Python 3.7.2" />
      <homePath value="D:\Program Files\Python37\python.exe" />
      <roots>
        <classPath>
          <root type="composite">
            <root url="file://D:/Program Files/Python37/DLLs" type="simple" />
            <root url="file://D:/Program Files/Python37/Lib" type="simple" />
            <root url="file://D:/Program Files/Python37" type="simple" />
            <root url="file://D:/Program Files/Python37/Lib/site-packages" type="simple" />
            <root url="jar://D:/Program Files/Python37/Lib/site-packages/setuptools-40.8.0-py3.7.egg!/" type="simple" />
            <root url="file://D:/Program Files/Python37/Lib/site-packages/pip-19.0.3-py3.7.egg" type="simple" />
            <root url="file://$USER_HOME$/.PyCharm2019.2/system/python_stubs/959216962" type="simple" />
            <root url="file://$APPLICATION_HOME_DIR$/helpers/python-skeletons" type="simple" />
            <root url="file://$APPLICATION_HOME_DIR$/helpers/typeshed/stdlib/3" type="simple" />
            <root url="file://$APPLICATION_HOME_DIR$/helpers/typeshed/stdlib/2and3" type="simple" />
            <root url="file://$APPLICATION_HOME_DIR$/helpers/typeshed/third_party/3" type="simple" />
            <root url="file://$APPLICATION_HOME_DIR$/helpers/typeshed/third_party/2and3" type="simple" />
          </root>
        </classPath>
        <sourcePath>
          <root type="composite" />
        </sourcePath>
      </roots>
      <additional />
    </jdk>
    <jdk version="2">
      <name value="Python 3.7 (edu_platform_django)" />
      <type value="Python SDK" />
      <version value="Python 3.7.2" />
      <homePath value="D:\PycharmProjects\edu_platform_django\venv\Scripts\python.exe" />
      <roots>
        <classPath>
          <root type="composite">
            <root url="file://D:/Program Files/Python37/DLLs" type="simple" />
            <root url="file://D:/Program Files/Python37/Lib" type="simple" />
            <root url="file://D:/Program Files/Python37" type="simple" />
            <root url="file://D:/PycharmProjects/edu_platform_django/venv" type="simple" />
            <root url="file://D:/PycharmProjects/edu_platform_django/venv/Lib/site-packages" type="simple" />
            <root url="jar://D:/PycharmProjects/edu_platform_django/venv/Lib/site-packages/setuptools-40.8.0-py3.7.egg!/" type="simple" />
            <root url="file://D:/PycharmProjects/edu_platform_django/venv/Lib/site-packages/pip-19.0.3-py3.7.egg" type="simple" />
            <root url="file://$USER_HOME$/.PyCharm2019.2/system/python_stubs/-789350098" type="simple" />
            <root url="file://$APPLICATION_HOME_DIR$/helpers/python-skeletons" type="simple" />
            <root url="file://$APPLICATION_HOME_DIR$/helpers/typeshed/stdlib/3" type="simple" />
            <root url="file://$APPLICATION_HOME_DIR$/helpers/typeshed/stdlib/2and3" type="simple" />
            <root url="file://$APPLICATION_HOME_DIR$/helpers/typeshed/third_party/3" type="simple" />
            <root url="file://$APPLICATION_HOME_DIR$/helpers/typeshed/third_party/2and3" type="simple" />
          </root>
        </classPath>
        <sourcePath>
          <root type="composite" />
        </sourcePath>
      </roots>
      <additional ASSOCIATED_PROJECT_PATH="D:/PycharmProjects/edu_platform_django" />
    </jdk>
    <jdk version="2">
      <name value="Python 3.7 (python_database)" />
      <type value="Python SDK" />
      <version value="Python 3.7.2" />
      <homePath value="D:\PycharmProjects\python_database\venv\Scripts\python.exe" />
      <roots>
        <classPath>
          <root type="composite">
            <root url="file://D:/Program Files/Python37/DLLs" type="simple" />
            <root url="file://D:/Program Files/Python37/Lib" type="simple" />
            <root url="file://D:/Program Files/Python37" type="simple" />
            <root url="file://D:/PycharmProjects/python_database/venv" type="simple" />
            <root url="file://D:/PycharmProjects/python_database/venv/Lib/site-packages" type="simple" />
            <root url="jar://D:/PycharmProjects/python_database/venv/Lib/site-packages/setuptools-40.8.0-py3.7.egg!/" type="simple" />
            <root url="file://D:/PycharmProjects/python_database/venv/Lib/site-packages/pip-19.0.3-py3.7.egg" type="simple" />
            <root url="file://$USER_HOME$/.PyCharm2019.2/system/python_stubs/-679659378" type="simple" />
            <root url="file://$APPLICATION_HOME_DIR$/helpers/python-skeletons" type="simple" />
            <root url="file://$APPLICATION_HOME_DIR$/helpers/typeshed/stdlib/3" type="simple" />
            <root url="file://$APPLICATION_HOME_DIR$/helpers/typeshed/stdlib/2and3" type="simple" />
            <root url="file://$APPLICATION_HOME_DIR$/helpers/typeshed/third_party/3" type="simple" />
            <root url="file://$APPLICATION_HOME_DIR$/helpers/typeshed/third_party/2and3" type="simple" />
          </root>
        </classPath>
        <sourcePath>
          <root type="composite" />
        </sourcePath>
      </roots>
      <additional ASSOCIATED_PROJECT_PATH="D:/PycharmProjects/python_database" />
    </jdk>
    <jdk version="2">
      <name value="Python 2.7 (py16-project)" />
      <type value="Python SDK" />
      <homePath value="D:\PycharmProjects\py16-project\venv\Scripts\python.exe" />
      <roots>
        <classPath>
          <root type="composite" />
        </classPath>
        <sourcePath>
          <root type="composite" />
        </sourcePath>
      </roots>
      <additional ASSOCIATED_PROJECT_PATH="D:/PycharmProjects/py16-project" />
    </jdk>
    <jdk version="2">
      <name value="Python 3.7 (py16-project)" />
      <type value="Python SDK" />
      <version value="Python 3.7.2" />
      <homePath value="D:\PycharmProjects\py16-project\my_venv\Scripts\python.exe" />
      <roots>
        <classPath>
          <root type="composite">
            <root url="file://D:/Program Files/Python37/DLLs" type="simple" />
            <root url="file://D:/Program Files/Python37/Lib" type="simple" />
            <root url="file://D:/Program Files/Python37" type="simple" />
            <root url="file://D:/PycharmProjects/py16-project/my_venv" type="simple" />
            <root url="file://D:/PycharmProjects/py16-project/my_venv/Lib/site-packages" type="simple" />
            <root url="jar://D:/PycharmProjects/py16-project/my_venv/Lib/site-packages/setuptools-40.8.0-py3.7.egg!/" type="simple" />
            <root url="file://D:/PycharmProjects/py16-project/my_venv/Lib/site-packages/pip-19.0.3-py3.7.egg" type="simple" />
            <root url="file://$USER_HOME$/.PyCharm2019.2/system/python_stubs/1882359169" type="simple" />
            <root url="file://$APPLICATION_HOME_DIR$/helpers/python-skeletons" type="simple" />
            <root url="file://$APPLICATION_HOME_DIR$/helpers/typeshed/stdlib/3" type="simple" />
            <root url="file://$APPLICATION_HOME_DIR$/helpers/typeshed/stdlib/2and3" type="simple" />
            <root url="file://$APPLICATION_HOME_DIR$/helpers/typeshed/third_party/3" type="simple" />
            <root url="file://$APPLICATION_HOME_DIR$/helpers/typeshed/third_party/2and3" type="simple" />
          </root>
        </classPath>
        <sourcePath>
          <root type="composite" />
        </sourcePath>
      </roots>
      <additional ASSOCIATED_PROJECT_PATH="D:/PycharmProjects/py16-project" />
    </jdk>
    <jdk version="2">
      <name value="Python 3.7 (django_koparion_project)" />
      <type value="Python SDK" />
      <version value="Python 3.7.2" />
      <homePath value="D:\PycharmProjects\django_koparion_project\venv\Scripts\python.exe" />
      <roots>
        <classPath>
          <root type="composite">
            <root url="file://D:/Program Files/Python37/DLLs" type="simple" />
            <root url="file://D:/Program Files/Python37/Lib" type="simple" />
            <root url="file://D:/Program Files/Python37" type="simple" />
            <root url="file://D:/PycharmProjects/django_koparion_project/venv" type="simple" />
            <root url="file://D:/PycharmProjects/django_koparion_project/venv/Lib/site-packages" type="simple" />
            <root url="jar://D:/PycharmProjects/django_koparion_project/venv/Lib/site-packages/setuptools-40.8.0-py3.7.egg!/" type="simple" />
            <root url="file://D:/PycharmProjects/django_koparion_project/venv/Lib/site-packages/pip-19.0.3-py3.7.egg" type="simple" />
            <root url="file://$USER_HOME$/.PyCharm2019.2/system/python_stubs/-735934599" type="simple" />
            <root url="file://$APPLICATION_HOME_DIR$/helpers/python-skeletons" type="simple" />
            <root url="file://$APPLICATION_HOME_DIR$/helpers/typeshed/stdlib/3" type="simple" />
            <root url="file://$APPLICATION_HOME_DIR$/helpers/typeshed/stdlib/2and3" type="simple" />
            <root url="file://$APPLICATION_HOME_DIR$/helpers/typeshed/third_party/3" type="simple" />
            <root url="file://$APPLICATION_HOME_DIR$/helpers/typeshed/third_party/2and3" type="simple" />
          </root>
        </classPath>
        <sourcePath>
          <root type="composite" />
        </sourcePath>
      </roots>
      <additional ASSOCIATED_PROJECT_PATH="D:/PycharmProjects/django_koparion_project" />
    </jdk>
    <jdk version="2">
      <name value="Python 3.7 (xdh_vue_django)" />
      <type value="Python SDK" />
      <version value="Python 3.7.2" />
      <homePath value="D:\PycharmProjects\xdh_vue_django\venv\Scripts\python.exe" />
      <roots>
        <classPath>
          <root type="composite">
            <root url="file://D:/Program Files/Python37/DLLs" type="simple" />
            <root url="file://D:/Program Files/Python37/Lib" type="simple" />
            <root url="file://D:/Program Files/Python37" type="simple" />
            <root url="file://D:/PycharmProjects/xdh_vue_django/venv" type="simple" />
            <root url="file://D:/PycharmProjects/xdh_vue_django/venv/Lib/site-packages" type="simple" />
            <root url="jar://D:/PycharmProjects/xdh_vue_django/venv/Lib/site-packages/setuptools-40.8.0-py3.7.egg!/" type="simple" />
            <root url="file://D:/PycharmProjects/xdh_vue_django/venv/Lib/site-packages/pip-19.0.3-py3.7.egg" type="simple" />
            <root url="file://$USER_HOME$/.PyCharm2019.2/system/python_stubs/-587751193" type="simple" />
            <root url="file://$APPLICATION_HOME_DIR$/helpers/python-skeletons" type="simple" />
            <root url="file://$APPLICATION_HOME_DIR$/helpers/typeshed/stdlib/3" type="simple" />
            <root url="file://$APPLICATION_HOME_DIR$/helpers/typeshed/stdlib/2and3" type="simple" />
            <root url="file://$APPLICATION_HOME_DIR$/helpers/typeshed/third_party/3" type="simple" />
            <root url="file://$APPLICATION_HOME_DIR$/helpers/typeshed/third_party/2and3" type="simple" />
          </root>
        </classPath>
        <sourcePath>
          <root type="composite" />
        </sourcePath>
      </roots>
      <additional ASSOCIATED_PROJECT_PATH="D:/PycharmProjects/xdh_vue_django" />
    </jdk>
    <jdk version="2">
      <name value="Python 2.7 (bookshop)" />
      <type value="Python SDK" />
      <homePath value="D:\PycharmProjects\bookshop\venv\Scripts\python.exe" />
      <roots>
        <classPath>
          <root type="composite" />
        </classPath>
        <sourcePath>
          <root type="composite" />
        </sourcePath>
      </roots>
      <additional ASSOCIATED_PROJECT_PATH="D:/PycharmProjects/bookshop" />
    </jdk>
    <jdk version="2">
      <name value="Python 3.7 (first_project)" />
      <type value="Python SDK" />
      <version value="Python 3.7.2" />
      <homePath value="D:\PycharmProjects\first_project\venv\Scripts\python.exe" />
      <roots>
        <classPath>
          <root type="composite">
            <root url="file://D:/Program Files/Python37/DLLs" type="simple" />
            <root url="file://D:/Program Files/Python37/Lib" type="simple" />
            <root url="file://D:/Program Files/Python37" type="simple" />
            <root url="file://D:/PycharmProjects/first_project/venv" type="simple" />
            <root url="file://D:/PycharmProjects/first_project/venv/Lib/site-packages" type="simple" />
            <root url="jar://D:/PycharmProjects/first_project/venv/Lib/site-packages/setuptools-40.8.0-py3.7.egg!/" type="simple" />
            <root url="file://D:/PycharmProjects/first_project/venv/Lib/site-packages/pip-19.0.3-py3.7.egg" type="simple" />
            <root url="file://$USER_HOME$/.PyCharm2019.2/system/python_stubs/-1471041638" type="simple" />
            <root url="file://$APPLICATION_HOME_DIR$/helpers/python-skeletons" type="simple" />
            <root url="file://$APPLICATION_HOME_DIR$/helpers/typeshed/stdlib/3" type="simple" />
            <root url="file://$APPLICATION_HOME_DIR$/helpers/typeshed/stdlib/2and3" type="simple" />
            <root url="file://$APPLICATION_HOME_DIR$/helpers/typeshed/third_party/3" type="simple" />
            <root url="file://$APPLICATION_HOME_DIR$/helpers/typeshed/third_party/2and3" type="simple" />
          </root>
        </classPath>
        <sourcePath>
          <root type="composite" />
        </sourcePath>
      </roots>
      <additional ASSOCIATED_PROJECT_PATH="D:/PycharmProjects/first_project" />
    </jdk>
    <jdk version="2">
      <name value="Python 3.7 (MxOnline)" />
      <type value="Python SDK" />
      <version value="Python 3.7.2" />
      <homePath value="D:\PycharmProjects\MxOnline\venv\Scripts\python.exe" />
      <roots>
        <classPath>
          <root type="composite">
            <root url="file://D:/Program Files/Python37/DLLs" type="simple" />
            <root url="file://D:/Program Files/Python37/Lib" type="simple" />
            <root url="file://D:/Program Files/Python37" type="simple" />
            <root url="file://D:/PycharmProjects/MxOnline/venv" type="simple" />
            <root url="file://D:/PycharmProjects/MxOnline/venv/Lib/site-packages" type="simple" />
            <root url="jar://D:/PycharmProjects/MxOnline/venv/Lib/site-packages/setuptools-40.8.0-py3.7.egg!/" type="simple" />
            <root url="file://D:/PycharmProjects/MxOnline/venv/Lib/site-packages/pip-19.0.3-py3.7.egg" type="simple" />
            <root url="file://$USER_HOME$/.PyCharm2019.2/system/python_stubs/1479366286" type="simple" />
            <root url="file://$APPLICATION_HOME_DIR$/helpers/python-skeletons" type="simple" />
            <root url="file://$APPLICATION_HOME_DIR$/helpers/typeshed/stdlib/3" type="simple" />
            <root url="file://$APPLICATION_HOME_DIR$/helpers/typeshed/stdlib/2and3" type="simple" />
            <root url="file://$APPLICATION_HOME_DIR$/helpers/typeshed/third_party/3" type="simple" />
            <root url="file://$APPLICATION_HOME_DIR$/helpers/typeshed/third_party/2and3" type="simple" />
          </root>
        </classPath>
        <sourcePath>
          <root type="composite" />
        </sourcePath>
      </roots>
      <additional ASSOCIATED_PROJECT_PATH="D:/PycharmProjects/MxOnline" />
    </jdk>
  </component>
</application>