<application>
  <component name="libraryTable">
    <library name="bootstrap" type="javaScript">
      <properties>
        <sourceFilesUrls>
          <item url="file://$APPLICATION_CONFIG_DIR$/javascript/extLibs/http_libs.baidu.com_bootstrap_3.0.3_js_bootstrap.js" />
        </sourceFilesUrls>
      </properties>
      <CLASSES>
        <root url="file://$APPLICATION_CONFIG_DIR$/javascript/extLibs/http_libs.baidu.com_bootstrap_3.0.3_js_bootstrap.js" />
      </CLASSES>
      <JAVADOC />
      <SOURCES />
    </library>
    <library name="jquery" type="javaScript">
      <properties>
        <option name="frameworkName" value="jQuery" />
        <sourceFilesUrls>
          <item url="file://$APPLICATION_CONFIG_DIR$/javascript/extLibs/http_libs.baidu.com_jquery_2.0.0_jquery.js" />
        </sourceFilesUrls>
      </properties>
      <CLASSES>
        <root url="file://$APPLICATION_CONFIG_DIR$/javascript/extLibs/http_libs.baidu.com_jquery_2.0.0_jquery.js" />
      </CLASSES>
      <DOCUMENTATION>
        <root url="http://api.jquery.com" />
      </DOCUMENTATION>
      <JAVADOC />
      <SOURCES />
    </library>
    <library name="Python 3.7 interpreter library">
      <CLASSES>
        <root url="file://E:/Python37/DLLs" />
        <root url="file://E:/Python37/Lib" />
        <root url="file://E:/Python37" />
        <root url="file://E:/Python37/Lib/site-packages" />
        <root url="file://$USER_HOME$/.IntelliJIdea2019.2/system/python_stubs/-836723051" />
        <root url="file://$APPLICATION_PLUGINS_DIR$/python/helpers/python-skeletons" />
        <root url="file://$APPLICATION_PLUGINS_DIR$/python/helpers/typeshed/stdlib/3" />
        <root url="file://$APPLICATION_PLUGINS_DIR$/python/helpers/typeshed/stdlib/2and3" />
        <root url="file://$APPLICATION_PLUGINS_DIR$/python/helpers/typeshed/third_party/3" />
        <root url="file://$APPLICATION_PLUGINS_DIR$/python/helpers/typeshed/third_party/2and3" />
      </CLASSES>
      <JAVADOC />
      <SOURCES>
        <root url="file://E:/Python37/DLLs" />
        <root url="file://E:/Python37/Lib" />
        <root url="file://E:/Python37" />
        <root url="file://E:/Python37/Lib/site-packages" />
        <root url="file://$USER_HOME$/.IntelliJIdea2019.2/system/python_stubs/-836723051" />
        <root url="file://$APPLICATION_PLUGINS_DIR$/python/helpers/python-skeletons" />
        <root url="file://$APPLICATION_PLUGINS_DIR$/python/helpers/typeshed/stdlib/3" />
        <root url="file://$APPLICATION_PLUGINS_DIR$/python/helpers/typeshed/stdlib/2and3" />
        <root url="file://$APPLICATION_PLUGINS_DIR$/python/helpers/typeshed/third_party/3" />
        <root url="file://$APPLICATION_PLUGINS_DIR$/python/helpers/typeshed/third_party/2and3" />
      </SOURCES>
    </library>
    <library name="Python 3.8 interpreter library">
      <CLASSES>
        <root url="jar://D:/Python38/python38.zip!/" />
        <root url="file://D:/Python38" />
        <root url="file://$USER_HOME$/.PyCharm2019.2/system/python_stubs/1330415957" />
        <root url="file://$APPLICATION_HOME_DIR$/helpers/python-skeletons" />
        <root url="file://$APPLICATION_HOME_DIR$/helpers/typeshed/stdlib/3" />
        <root url="file://$APPLICATION_HOME_DIR$/helpers/typeshed/stdlib/2and3" />
        <root url="file://$APPLICATION_HOME_DIR$/helpers/typeshed/third_party/3" />
        <root url="file://$APPLICATION_HOME_DIR$/helpers/typeshed/third_party/2and3" />
      </CLASSES>
      <JAVADOC />
      <SOURCES>
        <root url="jar://D:/Python38/python38.zip!/" />
        <root url="file://D:/Python38" />
        <root url="file://$USER_HOME$/.PyCharm2019.2/system/python_stubs/1330415957" />
        <root url="file://$APPLICATION_HOME_DIR$/helpers/python-skeletons" />
        <root url="file://$APPLICATION_HOME_DIR$/helpers/typeshed/stdlib/3" />
        <root url="file://$APPLICATION_HOME_DIR$/helpers/typeshed/stdlib/2and3" />
        <root url="file://$APPLICATION_HOME_DIR$/helpers/typeshed/third_party/3" />
        <root url="file://$APPLICATION_HOME_DIR$/helpers/typeshed/third_party/2and3" />
      </SOURCES>
    </library>
  </component>
</application>