<application>
  <component name="WebBrowsersConfiguration" default="alternative" previewReloadMode="reload_on_save">
    <browser id="352a6c69-835d-455a-8d2b-747e626105af" name="Chrome" family="CHROME" path="E:/chrome/App/superchrome.exe" />
    <browser id="a7bb68e0-33c0-4d6f-a81a-aac1fdb870c8" name="Firefox" family="FIREFOX" active="false" />
    <browser id="e5120d43-2c3f-47ef-9f26-65e539e05186" name="Safari" family="SAFARI" active="false" />
    <browser id="53e2f627-b1a7-4dfa-bfa7-5b83cc034776" name="Opera" family="CHROME" path="opera" active="false" />
    <browser id="b1b2ec2c-20bd-4ee2-89c4-616db004bcd4" name="Yandex" family="CHROME" path="browser" active="false" />
    <browser id="16bf23d4-93e0-4ffc-bfd6-cb13575177b0" name="Internet Explorer" family="EXPLORER" active="false" />
    <browser id="37cae5b9-e8b2-4949-9172-aafa37fbc09c" name="Edge" family="CHROME" path="msedge" active="false" />
  </component>
</application>