<application>
  <component name="ProjectJdkTable">
    <jdk version="2">
      <name value="Python 3.8" />
      <type value="Python SDK" />
      <version value="Python 3.8.0b3" />
      <homePath value="D:\Python38\python.exe" />
      <roots>
        <classPath>
          <root type="composite">
            <root url="jar://D:/Python38/python38.zip!/" type="simple" />
            <root url="file://D:/Python38" type="simple" />
            <root url="file://$USER_HOME$/.PyCharm2019.2/system/python_stubs/1330415957" type="simple" />
            <root url="file://$APPLICATION_HOME_DIR$/helpers/python-skeletons" type="simple" />
            <root url="file://$APPLICATION_HOME_DIR$/helpers/typeshed/stdlib/3" type="simple" />
            <root url="file://$APPLICATION_HOME_DIR$/helpers/typeshed/stdlib/2and3" type="simple" />
            <root url="file://$APPLICATION_HOME_DIR$/helpers/typeshed/third_party/3" type="simple" />
            <root url="file://$APPLICATION_HOME_DIR$/helpers/typeshed/third_party/2and3" type="simple" />
          </root>
        </classPath>
        <sourcePath>
          <root type="composite" />
        </sourcePath>
      </roots>
      <additional />
    </jdk>
    <jdk version="2">
      <name value="Python 3.6 (2)" />
      <type value="Python SDK" />
      <version value="Python 3.6.1" />
      <homePath value="D:\Python36\python.exe" />
      <roots>
        <classPath>
          <root type="composite">
            <root url="file://D:/Python36/DLLs" type="simple" />
            <root url="file://D:/Python36/Lib" type="simple" />
            <root url="file://D:/Python36" type="simple" />
            <root url="file://D:/Python36/Lib/site-packages" type="simple" />
            <root url="file://$USER_HOME$/.PyCharm2019.2/system/python_stubs/1072250519" type="simple" />
            <root url="file://$APPLICATION_HOME_DIR$/helpers/python-skeletons" type="simple" />
            <root url="file://$APPLICATION_HOME_DIR$/helpers/typeshed/stdlib/3" type="simple" />
            <root url="file://$APPLICATION_HOME_DIR$/helpers/typeshed/stdlib/2and3" type="simple" />
            <root url="file://$APPLICATION_HOME_DIR$/helpers/typeshed/third_party/3" type="simple" />
            <root url="file://$APPLICATION_HOME_DIR$/helpers/typeshed/third_party/2and3" type="simple" />
          </root>
        </classPath>
        <sourcePath>
          <root type="composite" />
        </sourcePath>
      </roots>
      <additional />
    </jdk>
    <jdk version="2">
      <name value="Python 3.6 (python_django)" />
      <type value="Python SDK" />
      <version value="Python 3.6.1" />
      <homePath value="E:\PycharmProjects\python_django\venv\Scripts\python.exe" />
      <roots>
        <classPath>
          <root type="composite">
            <root url="file://D:/Python36/DLLs" type="simple" />
            <root url="file://D:/Python36/Lib" type="simple" />
            <root url="file://D:/Python36" type="simple" />
            <root url="file://E:/PycharmProjects/python_django/venv" type="simple" />
            <root url="file://E:/PycharmProjects/python_django/venv/Lib/site-packages" type="simple" />
            <root url="jar://E:/PycharmProjects/python_django/venv/Lib/site-packages/setuptools-40.8.0-py3.6.egg!/" type="simple" />
            <root url="file://E:/PycharmProjects/python_django/venv/Lib/site-packages/pip-19.0.3-py3.6.egg" type="simple" />
            <root url="file://$USER_HOME$/.PyCharm2019.1/system/python_stubs/679012877" type="simple" />
            <root url="file://$APPLICATION_HOME_DIR$/helpers/python-skeletons" type="simple" />
            <root url="file://$APPLICATION_HOME_DIR$/helpers/typeshed/stdlib/2" type="simple" />
            <root url="file://$APPLICATION_HOME_DIR$/helpers/typeshed/stdlib/2and3" type="simple" />
            <root url="file://$APPLICATION_HOME_DIR$/helpers/typeshed/third_party/2" type="simple" />
            <root url="file://$APPLICATION_HOME_DIR$/helpers/typeshed/third_party/2and3" type="simple" />
          </root>
        </classPath>
        <sourcePath>
          <root type="composite" />
        </sourcePath>
      </roots>
      <additional ASSOCIATED_PROJECT_PATH="E:/PycharmProjects/python_django" />
    </jdk>
    <jdk version="2">
      <name value="Python 3.6 (venv)" />
      <type value="Python SDK" />
      <version value="Python 3.6.1" />
      <homePath value="E:\PycharmProjects\python_django\venv\Scripts\python.exe" />
      <roots>
        <classPath>
          <root type="composite">
            <root url="file://D:/Python36/DLLs" type="simple" />
            <root url="file://D:/Python36/Lib" type="simple" />
            <root url="file://D:/Python36" type="simple" />
            <root url="file://E:/PycharmProjects/python_django/venv" type="simple" />
            <root url="file://E:/PycharmProjects/python_django/venv/Lib/site-packages" type="simple" />
            <root url="jar://E:/PycharmProjects/python_django/venv/Lib/site-packages/setuptools-40.8.0-py3.6.egg!/" type="simple" />
            <root url="file://E:/PycharmProjects/python_django/venv/Lib/site-packages/pip-19.0.3-py3.6.egg" type="simple" />
            <root url="file://$USER_HOME$/.PyCharm2019.1/system/python_stubs/679012877" type="simple" />
            <root url="file://$APPLICATION_HOME_DIR$/helpers/python-skeletons" type="simple" />
            <root url="file://$APPLICATION_HOME_DIR$/helpers/typeshed/stdlib/3" type="simple" />
            <root url="file://$APPLICATION_HOME_DIR$/helpers/typeshed/stdlib/2and3" type="simple" />
            <root url="file://$APPLICATION_HOME_DIR$/helpers/typeshed/third_party/3" type="simple" />
            <root url="file://$APPLICATION_HOME_DIR$/helpers/typeshed/third_party/2and3" type="simple" />
          </root>
        </classPath>
        <sourcePath>
          <root type="composite" />
        </sourcePath>
      </roots>
      <additional />
    </jdk>
    <jdk version="2">
      <name value="Python 3.6 (百度AI开放平台)" />
      <type value="Python SDK" />
      <version value="Python 3.6.1" />
      <homePath value="E:\PycharmProjects\python_January\百度AI开放平台\venv\Scripts\python.exe" />
      <roots>
        <classPath>
          <root type="composite">
            <root url="file://D:/Python36/DLLs" type="simple" />
            <root url="file://D:/Python36/Lib" type="simple" />
            <root url="file://D:/Python36" type="simple" />
            <root url="file://E:/PycharmProjects/python_January/百度AI开放平台/venv" type="simple" />
            <root url="file://E:/PycharmProjects/python_January/百度AI开放平台/venv/Lib/site-packages" type="simple" />
            <root url="jar://E:/PycharmProjects/python_January/百度AI开放平台/venv/Lib/site-packages/setuptools-40.8.0-py3.6.egg!/" type="simple" />
            <root url="file://E:/PycharmProjects/python_January/百度AI开放平台/venv/Lib/site-packages/pip-19.0.3-py3.6.egg" type="simple" />
            <root url="file://$USER_HOME$/.PyCharm2019.1/system/python_stubs/-1742579198" type="simple" />
            <root url="file://$APPLICATION_HOME_DIR$/helpers/python-skeletons" type="simple" />
            <root url="file://$APPLICATION_HOME_DIR$/helpers/typeshed/stdlib/2" type="simple" />
            <root url="file://$APPLICATION_HOME_DIR$/helpers/typeshed/stdlib/2and3" type="simple" />
            <root url="file://$APPLICATION_HOME_DIR$/helpers/typeshed/third_party/2" type="simple" />
            <root url="file://$APPLICATION_HOME_DIR$/helpers/typeshed/third_party/2and3" type="simple" />
          </root>
        </classPath>
        <sourcePath>
          <root type="composite" />
        </sourcePath>
      </roots>
      <additional ASSOCIATED_PROJECT_PATH="E:/PycharmProjects/python_January/百度AI开放平台" />
    </jdk>
    <jdk version="2">
      <name value="Python 3.6 (spider_pro)" />
      <type value="Python SDK" />
      <version value="Python 3.6.1" />
      <homePath value="E:\PycharmProjects\spider_pro\venv\Scripts\python.exe" />
      <roots>
        <classPath>
          <root type="composite">
            <root url="file://D:/Python36/DLLs" type="simple" />
            <root url="file://D:/Python36/Lib" type="simple" />
            <root url="file://D:/Python36" type="simple" />
            <root url="file://E:/PycharmProjects/spider_pro/venv" type="simple" />
            <root url="file://E:/PycharmProjects/spider_pro/venv/Lib/site-packages" type="simple" />
            <root url="jar://E:/PycharmProjects/spider_pro/venv/Lib/site-packages/setuptools-40.8.0-py3.6.egg!/" type="simple" />
            <root url="file://E:/PycharmProjects/spider_pro/venv/Lib/site-packages/pip-19.0.3-py3.6.egg" type="simple" />
            <root url="file://$USER_HOME$/.PyCharm2019.2/system/python_stubs/-1106935964" type="simple" />
            <root url="file://$APPLICATION_HOME_DIR$/helpers/python-skeletons" type="simple" />
            <root url="file://$APPLICATION_HOME_DIR$/helpers/typeshed/stdlib/3" type="simple" />
            <root url="file://$APPLICATION_HOME_DIR$/helpers/typeshed/stdlib/2and3" type="simple" />
            <root url="file://$APPLICATION_HOME_DIR$/helpers/typeshed/third_party/3" type="simple" />
            <root url="file://$APPLICATION_HOME_DIR$/helpers/typeshed/third_party/2and3" type="simple" />
          </root>
        </classPath>
        <sourcePath>
          <root type="composite" />
        </sourcePath>
      </roots>
      <additional />
    </jdk>
    <jdk version="2">
      <name value="Python 3.7 (data_science)" />
      <type value="Python SDK" />
      <homePath value="D:\Anaconda3\python.exe" />
      <roots>
        <classPath>
          <root type="composite">
            <root url="file://D:/Anaconda3/DLLs" type="simple" />
            <root url="file://D:/Anaconda3/Lib" type="simple" />
            <root url="file://D:/Anaconda3/Lib/site-packages" type="simple" />
            <root url="file://D:/Anaconda3/Lib/site-packages/win32" type="simple" />
            <root url="file://D:/Anaconda3/Lib/site-packages/win32/lib" type="simple" />
            <root url="file://D:/Anaconda3/Lib/site-packages/pythonwin" type="simple" />
            <root url="file://$USER_HOME$/.PyCharm2019.2/system/python_stubs/-2036615904" type="simple" />
            <root url="file://$APPLICATION_HOME_DIR$/helpers/python-skeletons" type="simple" />
            <root url="file://$APPLICATION_HOME_DIR$/helpers/typeshed/stdlib/3" type="simple" />
            <root url="file://$APPLICATION_HOME_DIR$/helpers/typeshed/stdlib/2and3" type="simple" />
            <root url="file://$APPLICATION_HOME_DIR$/helpers/typeshed/third_party/3" type="simple" />
            <root url="file://$APPLICATION_HOME_DIR$/helpers/typeshed/third_party/2and3" type="simple" />
          </root>
        </classPath>
        <sourcePath>
          <root type="composite" />
        </sourcePath>
      </roots>
      <additional />
    </jdk>
    <jdk version="2">
      <name value="Python 3.7" />
      <type value="Python SDK" />
      <version value="Python 3.7.2" />
      <homePath value="C:\Program Files\Python37\python.exe" />
      <roots>
        <classPath>
          <root type="composite">
            <root url="file://C:/Program Files/Python37/DLLs" type="simple" />
            <root url="file://C:/Program Files/Python37/Lib" type="simple" />
            <root url="file://C:/Program Files/Python37" type="simple" />
            <root url="file://C:/Program Files/Python37/Lib/site-packages" type="simple" />
            <root url="file://$USER_HOME$/.PyCharm2019.2/system/python_stubs/-991083293" type="simple" />
            <root url="file://$APPLICATION_HOME_DIR$/helpers/python-skeletons" type="simple" />
            <root url="file://$APPLICATION_HOME_DIR$/helpers/typeshed/stdlib/3" type="simple" />
            <root url="file://$APPLICATION_HOME_DIR$/helpers/typeshed/stdlib/2and3" type="simple" />
            <root url="file://$APPLICATION_HOME_DIR$/helpers/typeshed/third_party/3" type="simple" />
            <root url="file://$APPLICATION_HOME_DIR$/helpers/typeshed/third_party/2and3" type="simple" />
          </root>
        </classPath>
        <sourcePath>
          <root type="composite" />
        </sourcePath>
      </roots>
      <additional />
    </jdk>
    <jdk version="2">
      <name value="Python 3.7 (django_blog)" />
      <type value="Python SDK" />
      <version value="Python 3.7.2" />
      <homePath value="D:\PycharmProjects\django_blog\venv\Scripts\python.exe" />
      <roots>
        <classPath>
          <root type="composite">
            <root url="file://C:/Program Files/Python37/DLLs" type="simple" />
            <root url="file://C:/Program Files/Python37/Lib" type="simple" />
            <root url="file://C:/Program Files/Python37" type="simple" />
            <root url="file://D:/PycharmProjects/django_blog/venv" type="simple" />
            <root url="file://D:/PycharmProjects/django_blog/venv/Lib/site-packages" type="simple" />
            <root url="jar://D:/PycharmProjects/django_blog/venv/Lib/site-packages/setuptools-40.8.0-py3.7.egg!/" type="simple" />
            <root url="file://D:/PycharmProjects/django_blog/venv/Lib/site-packages/pip-19.0.3-py3.7.egg" type="simple" />
            <root url="file://$USER_HOME$/.PyCharm2019.2/system/python_stubs/2062918934" type="simple" />
            <root url="file://$APPLICATION_HOME_DIR$/helpers/python-skeletons" type="simple" />
            <root url="file://$APPLICATION_HOME_DIR$/helpers/typeshed/stdlib/3" type="simple" />
            <root url="file://$APPLICATION_HOME_DIR$/helpers/typeshed/stdlib/2and3" type="simple" />
            <root url="file://$APPLICATION_HOME_DIR$/helpers/typeshed/third_party/3" type="simple" />
            <root url="file://$APPLICATION_HOME_DIR$/helpers/typeshed/third_party/2and3" type="simple" />
          </root>
        </classPath>
        <sourcePath>
          <root type="composite" />
        </sourcePath>
      </roots>
      <additional ASSOCIATED_PROJECT_PATH="D:/PycharmProjects/django_blog" />
    </jdk>
    <jdk version="2">
      <name value="Python 3.7 (itcast_tornado)" />
      <type value="Python SDK" />
      <version value="Python 3.7.2" />
      <homePath value="D:\PycharmProjects\itcast_tornado\venv\Scripts\python.exe" />
      <roots>
        <classPath>
          <root type="composite">
            <root url="file://C:/Program Files/Python37/DLLs" type="simple" />
            <root url="file://C:/Program Files/Python37/Lib" type="simple" />
            <root url="file://C:/Program Files/Python37" type="simple" />
            <root url="file://D:/PycharmProjects/itcast_tornado/venv" type="simple" />
            <root url="file://D:/PycharmProjects/itcast_tornado/venv/Lib/site-packages" type="simple" />
            <root url="jar://D:/PycharmProjects/itcast_tornado/venv/Lib/site-packages/setuptools-40.8.0-py3.7.egg!/" type="simple" />
            <root url="file://D:/PycharmProjects/itcast_tornado/venv/Lib/site-packages/pip-19.0.3-py3.7.egg" type="simple" />
            <root url="file://$USER_HOME$/.PyCharm2019.2/system/python_stubs/-625932400" type="simple" />
            <root url="file://$APPLICATION_HOME_DIR$/helpers/python-skeletons" type="simple" />
            <root url="file://$APPLICATION_HOME_DIR$/helpers/typeshed/stdlib/3" type="simple" />
            <root url="file://$APPLICATION_HOME_DIR$/helpers/typeshed/stdlib/2and3" type="simple" />
            <root url="file://$APPLICATION_HOME_DIR$/helpers/typeshed/third_party/3" type="simple" />
            <root url="file://$APPLICATION_HOME_DIR$/helpers/typeshed/third_party/2and3" type="simple" />
          </root>
        </classPath>
        <sourcePath>
          <root type="composite" />
        </sourcePath>
      </roots>
      <additional ASSOCIATED_PROJECT_PATH="D:/PycharmProjects/itcast_tornado" />
    </jdk>
    <jdk version="2">
      <name value="Python 3.7 (first_projects)" />
      <type value="Python SDK" />
      <version value="Python 3.7.2" />
      <homePath value="D:\PycharmProjects\first_projects\venv\Scripts\python.exe" />
      <roots>
        <classPath>
          <root type="composite">
            <root url="file://C:/Program Files/Python37/DLLs" type="simple" />
            <root url="file://C:/Program Files/Python37/Lib" type="simple" />
            <root url="file://C:/Program Files/Python37" type="simple" />
            <root url="file://D:/PycharmProjects/first_projects/venv" type="simple" />
            <root url="file://D:/PycharmProjects/first_projects/venv/Lib/site-packages" type="simple" />
            <root url="jar://D:/PycharmProjects/first_projects/venv/Lib/site-packages/setuptools-40.8.0-py3.7.egg!/" type="simple" />
            <root url="file://D:/PycharmProjects/first_projects/venv/Lib/site-packages/pip-19.0.3-py3.7.egg" type="simple" />
            <root url="file://$USER_HOME$/.PyCharm2019.2/system/python_stubs/-1805317447" type="simple" />
            <root url="file://$APPLICATION_HOME_DIR$/helpers/python-skeletons" type="simple" />
            <root url="file://$APPLICATION_HOME_DIR$/helpers/typeshed/stdlib/3" type="simple" />
            <root url="file://$APPLICATION_HOME_DIR$/helpers/typeshed/stdlib/2and3" type="simple" />
            <root url="file://$APPLICATION_HOME_DIR$/helpers/typeshed/third_party/3" type="simple" />
            <root url="file://$APPLICATION_HOME_DIR$/helpers/typeshed/third_party/2and3" type="simple" />
          </root>
        </classPath>
        <sourcePath>
          <root type="composite" />
        </sourcePath>
      </roots>
      <additional ASSOCIATED_PROJECT_PATH="D:/PycharmProjects/first_projects" />
    </jdk>
  </component>
</application>