<application>
  <component name="ProjectJdkTable">
    <jdk version="2">
      <name value="Python 3.8" />
      <type value="Python SDK" />
      <version value="Python 3.8.0b3" />
      <homePath value="D:\Python38\python.exe" />
      <roots>
        <annotationsPath>
          <root type="composite" />
        </annotationsPath>
        <classPath>
          <root type="composite">
            <root url="jar://D:/Python38/python38.zip!/" type="simple" />
            <root url="file://D:/Python38" type="simple" />
            <root url="file://$USER_HOME$/.PyCharm2019.2/system/python_stubs/1330415957" type="simple" />
            <root url="file://$APPLICATION_HOME_DIR$/helpers/python-skeletons" type="simple" />
            <root url="file://$APPLICATION_HOME_DIR$/helpers/typeshed/stdlib/3" type="simple" />
            <root url="file://$APPLICATION_HOME_DIR$/helpers/typeshed/stdlib/2and3" type="simple" />
            <root url="file://$APPLICATION_HOME_DIR$/helpers/typeshed/third_party/3" type="simple" />
            <root url="file://$APPLICATION_HOME_DIR$/helpers/typeshed/third_party/2and3" type="simple" />
          </root>
        </classPath>
        <javadocPath>
          <root type="composite" />
        </javadocPath>
        <sourcePath>
          <root type="composite" />
        </sourcePath>
      </roots>
      <additional />
    </jdk>
    <jdk version="2">
      <name value="Python 3.6 (2)" />
      <type value="Python SDK" />
      <version value="Python 3.6.1" />
      <homePath value="D:\Python36\python.exe" />
      <roots>
        <annotationsPath>
          <root type="composite" />
        </annotationsPath>
        <classPath>
          <root type="composite">
            <root url="file://D:/Python36/DLLs" type="simple" />
            <root url="file://D:/Python36/Lib" type="simple" />
            <root url="file://D:/Python36" type="simple" />
            <root url="file://D:/Python36/Lib/site-packages" type="simple" />
            <root url="file://$USER_HOME$/.PyCharm2019.2/system/python_stubs/1072250519" type="simple" />
            <root url="file://$APPLICATION_HOME_DIR$/helpers/python-skeletons" type="simple" />
            <root url="file://$APPLICATION_HOME_DIR$/helpers/typeshed/stdlib/3" type="simple" />
            <root url="file://$APPLICATION_HOME_DIR$/helpers/typeshed/stdlib/2and3" type="simple" />
            <root url="file://$APPLICATION_HOME_DIR$/helpers/typeshed/third_party/3" type="simple" />
            <root url="file://$APPLICATION_HOME_DIR$/helpers/typeshed/third_party/2and3" type="simple" />
          </root>
        </classPath>
        <javadocPath>
          <root type="composite" />
        </javadocPath>
        <sourcePath>
          <root type="composite" />
        </sourcePath>
      </roots>
      <additional />
    </jdk>
    <jdk version="2">
      <name value="Python 3.6 (python_django)" />
      <type value="Python SDK" />
      <version value="Python 3.6.1" />
      <homePath value="E:\PycharmProjects\python_django\venv\Scripts\python.exe" />
      <roots>
        <annotationsPath>
          <root type="composite" />
        </annotationsPath>
        <classPath>
          <root type="composite">
            <root url="file://D:/Python36/DLLs" type="simple" />
            <root url="file://D:/Python36/Lib" type="simple" />
            <root url="file://D:/Python36" type="simple" />
            <root url="file://E:/PycharmProjects/python_django/venv" type="simple" />
            <root url="file://E:/PycharmProjects/python_django/venv/Lib/site-packages" type="simple" />
            <root url="jar://E:/PycharmProjects/python_django/venv/Lib/site-packages/setuptools-40.8.0-py3.6.egg!/" type="simple" />
            <root url="file://E:/PycharmProjects/python_django/venv/Lib/site-packages/pip-19.0.3-py3.6.egg" type="simple" />
            <root url="file://$USER_HOME$/.PyCharm2019.1/system/python_stubs/679012877" type="simple" />
            <root url="file://$APPLICATION_HOME_DIR$/helpers/python-skeletons" type="simple" />
            <root url="file://$APPLICATION_HOME_DIR$/helpers/typeshed/stdlib/2" type="simple" />
            <root url="file://$APPLICATION_HOME_DIR$/helpers/typeshed/stdlib/2and3" type="simple" />
            <root url="file://$APPLICATION_HOME_DIR$/helpers/typeshed/third_party/2" type="simple" />
            <root url="file://$APPLICATION_HOME_DIR$/helpers/typeshed/third_party/2and3" type="simple" />
          </root>
        </classPath>
        <javadocPath>
          <root type="composite" />
        </javadocPath>
        <sourcePath>
          <root type="composite" />
        </sourcePath>
      </roots>
      <additional />
    </jdk>
    <jdk version="2">
      <name value="Python 3.6 (venv)" />
      <type value="Python SDK" />
      <version value="Python 3.6.1" />
      <homePath value="E:\PycharmProjects\python_django\venv\Scripts\python.exe" />
      <roots>
        <annotationsPath>
          <root type="composite" />
        </annotationsPath>
        <classPath>
          <root type="composite">
            <root url="file://D:/Python36/DLLs" type="simple" />
            <root url="file://D:/Python36/Lib" type="simple" />
            <root url="file://D:/Python36" type="simple" />
            <root url="file://E:/PycharmProjects/python_django/venv" type="simple" />
            <root url="file://E:/PycharmProjects/python_django/venv/Lib/site-packages" type="simple" />
            <root url="jar://E:/PycharmProjects/python_django/venv/Lib/site-packages/setuptools-40.8.0-py3.6.egg!/" type="simple" />
            <root url="file://E:/PycharmProjects/python_django/venv/Lib/site-packages/pip-19.0.3-py3.6.egg" type="simple" />
            <root url="file://$USER_HOME$/.PyCharm2019.1/system/python_stubs/679012877" type="simple" />
            <root url="file://$APPLICATION_HOME_DIR$/helpers/python-skeletons" type="simple" />
            <root url="file://$APPLICATION_HOME_DIR$/helpers/typeshed/stdlib/3" type="simple" />
            <root url="file://$APPLICATION_HOME_DIR$/helpers/typeshed/stdlib/2and3" type="simple" />
            <root url="file://$APPLICATION_HOME_DIR$/helpers/typeshed/third_party/3" type="simple" />
            <root url="file://$APPLICATION_HOME_DIR$/helpers/typeshed/third_party/2and3" type="simple" />
          </root>
        </classPath>
        <javadocPath>
          <root type="composite" />
        </javadocPath>
        <sourcePath>
          <root type="composite" />
        </sourcePath>
      </roots>
      <additional />
    </jdk>
    <jdk version="2">
      <name value="Python 3.6 (百度AI开放平台)" />
      <type value="Python SDK" />
      <version value="Python 3.6.1" />
      <homePath value="E:\PycharmProjects\python_January\百度AI开放平台\venv\Scripts\python.exe" />
      <roots>
        <annotationsPath>
          <root type="composite" />
        </annotationsPath>
        <classPath>
          <root type="composite">
            <root url="file://D:/Python36/DLLs" type="simple" />
            <root url="file://D:/Python36/Lib" type="simple" />
            <root url="file://D:/Python36" type="simple" />
            <root url="file://E:/PycharmProjects/python_January/百度AI开放平台/venv" type="simple" />
            <root url="file://E:/PycharmProjects/python_January/百度AI开放平台/venv/Lib/site-packages" type="simple" />
            <root url="jar://E:/PycharmProjects/python_January/百度AI开放平台/venv/Lib/site-packages/setuptools-40.8.0-py3.6.egg!/" type="simple" />
            <root url="file://E:/PycharmProjects/python_January/百度AI开放平台/venv/Lib/site-packages/pip-19.0.3-py3.6.egg" type="simple" />
            <root url="file://$USER_HOME$/.PyCharm2019.1/system/python_stubs/-1742579198" type="simple" />
            <root url="file://$APPLICATION_HOME_DIR$/helpers/python-skeletons" type="simple" />
            <root url="file://$APPLICATION_HOME_DIR$/helpers/typeshed/stdlib/2" type="simple" />
            <root url="file://$APPLICATION_HOME_DIR$/helpers/typeshed/stdlib/2and3" type="simple" />
            <root url="file://$APPLICATION_HOME_DIR$/helpers/typeshed/third_party/2" type="simple" />
            <root url="file://$APPLICATION_HOME_DIR$/helpers/typeshed/third_party/2and3" type="simple" />
          </root>
        </classPath>
        <javadocPath>
          <root type="composite" />
        </javadocPath>
        <sourcePath>
          <root type="composite" />
        </sourcePath>
      </roots>
      <additional />
    </jdk>
    <jdk version="2">
      <name value="Python 3.6 (spider_pro)" />
      <type value="Python SDK" />
      <version value="Python 3.6.1" />
      <homePath value="E:\PycharmProjects\spider_pro\venv\Scripts\python.exe" />
      <roots>
        <annotationsPath>
          <root type="composite" />
        </annotationsPath>
        <classPath>
          <root type="composite">
            <root url="file://D:/Python36/DLLs" type="simple" />
            <root url="file://D:/Python36/Lib" type="simple" />
            <root url="file://D:/Python36" type="simple" />
            <root url="file://E:/PycharmProjects/spider_pro/venv" type="simple" />
            <root url="file://E:/PycharmProjects/spider_pro/venv/Lib/site-packages" type="simple" />
            <root url="jar://E:/PycharmProjects/spider_pro/venv/Lib/site-packages/setuptools-40.8.0-py3.6.egg!/" type="simple" />
            <root url="file://E:/PycharmProjects/spider_pro/venv/Lib/site-packages/pip-19.0.3-py3.6.egg" type="simple" />
            <root url="file://$USER_HOME$/.PyCharm2019.2/system/python_stubs/-1106935964" type="simple" />
            <root url="file://$APPLICATION_HOME_DIR$/helpers/python-skeletons" type="simple" />
            <root url="file://$APPLICATION_HOME_DIR$/helpers/typeshed/stdlib/3" type="simple" />
            <root url="file://$APPLICATION_HOME_DIR$/helpers/typeshed/stdlib/2and3" type="simple" />
            <root url="file://$APPLICATION_HOME_DIR$/helpers/typeshed/third_party/3" type="simple" />
            <root url="file://$APPLICATION_HOME_DIR$/helpers/typeshed/third_party/2and3" type="simple" />
          </root>
        </classPath>
        <javadocPath>
          <root type="composite" />
        </javadocPath>
        <sourcePath>
          <root type="composite" />
        </sourcePath>
      </roots>
      <additional />
    </jdk>
    <jdk version="2">
      <name value="Python 3.7 (data_science)" />
      <type value="Python SDK" />
      <version value="Python 3.7.3" />
      <homePath value="D:\Anaconda3\python.exe" />
      <roots>
        <annotationsPath>
          <root type="composite" />
        </annotationsPath>
        <classPath>
          <root type="composite">
            <root url="file://D:/Anaconda3/DLLs" type="simple" />
            <root url="file://D:/Anaconda3/Lib" type="simple" />
            <root url="file://D:/Anaconda3/Lib/site-packages" type="simple" />
            <root url="file://D:/Anaconda3/Lib/site-packages/win32" type="simple" />
            <root url="file://D:/Anaconda3/Lib/site-packages/win32/lib" type="simple" />
            <root url="file://D:/Anaconda3/Lib/site-packages/pythonwin" type="simple" />
            <root url="file://$USER_HOME$/.PyCharm2019.2/system/python_stubs/-2036615904" type="simple" />
            <root url="file://$APPLICATION_HOME_DIR$/helpers/python-skeletons" type="simple" />
            <root url="file://$APPLICATION_HOME_DIR$/helpers/typeshed/stdlib/3" type="simple" />
            <root url="file://$APPLICATION_HOME_DIR$/helpers/typeshed/stdlib/2and3" type="simple" />
            <root url="file://$APPLICATION_HOME_DIR$/helpers/typeshed/third_party/3" type="simple" />
            <root url="file://$APPLICATION_HOME_DIR$/helpers/typeshed/third_party/2and3" type="simple" />
          </root>
        </classPath>
        <javadocPath>
          <root type="composite" />
        </javadocPath>
        <sourcePath>
          <root type="composite" />
        </sourcePath>
      </roots>
      <additional />
    </jdk>
    <jdk version="2">
      <name value="13" />
      <type value="JavaSDK" />
      <version value="java version &quot;13&quot;" />
      <homePath value="/usr/lib/jvm/jdk-13" />
      <roots>
        <annotationsPath>
          <root type="composite">
            <root url="jar://$APPLICATION_HOME_DIR$/plugins/java/lib/jdkAnnotations.jar!/" type="simple" />
          </root>
        </annotationsPath>
        <classPath>
          <root type="composite">
            <root url="jrt:///usr/lib/jvm/jdk-13!/java.base" type="simple" />
            <root url="jrt:///usr/lib/jvm/jdk-13!/java.compiler" type="simple" />
            <root url="jrt:///usr/lib/jvm/jdk-13!/java.datatransfer" type="simple" />
            <root url="jrt:///usr/lib/jvm/jdk-13!/java.desktop" type="simple" />
            <root url="jrt:///usr/lib/jvm/jdk-13!/java.instrument" type="simple" />
            <root url="jrt:///usr/lib/jvm/jdk-13!/java.logging" type="simple" />
            <root url="jrt:///usr/lib/jvm/jdk-13!/java.management" type="simple" />
            <root url="jrt:///usr/lib/jvm/jdk-13!/java.management.rmi" type="simple" />
            <root url="jrt:///usr/lib/jvm/jdk-13!/java.naming" type="simple" />
            <root url="jrt:///usr/lib/jvm/jdk-13!/java.net.http" type="simple" />
            <root url="jrt:///usr/lib/jvm/jdk-13!/java.prefs" type="simple" />
            <root url="jrt:///usr/lib/jvm/jdk-13!/java.rmi" type="simple" />
            <root url="jrt:///usr/lib/jvm/jdk-13!/java.scripting" type="simple" />
            <root url="jrt:///usr/lib/jvm/jdk-13!/java.se" type="simple" />
            <root url="jrt:///usr/lib/jvm/jdk-13!/java.security.jgss" type="simple" />
            <root url="jrt:///usr/lib/jvm/jdk-13!/java.security.sasl" type="simple" />
            <root url="jrt:///usr/lib/jvm/jdk-13!/java.smartcardio" type="simple" />
            <root url="jrt:///usr/lib/jvm/jdk-13!/java.sql" type="simple" />
            <root url="jrt:///usr/lib/jvm/jdk-13!/java.sql.rowset" type="simple" />
            <root url="jrt:///usr/lib/jvm/jdk-13!/java.transaction.xa" type="simple" />
            <root url="jrt:///usr/lib/jvm/jdk-13!/java.xml" type="simple" />
            <root url="jrt:///usr/lib/jvm/jdk-13!/java.xml.crypto" type="simple" />
            <root url="jrt:///usr/lib/jvm/jdk-13!/jdk.accessibility" type="simple" />
            <root url="jrt:///usr/lib/jvm/jdk-13!/jdk.aot" type="simple" />
            <root url="jrt:///usr/lib/jvm/jdk-13!/jdk.attach" type="simple" />
            <root url="jrt:///usr/lib/jvm/jdk-13!/jdk.charsets" type="simple" />
            <root url="jrt:///usr/lib/jvm/jdk-13!/jdk.compiler" type="simple" />
            <root url="jrt:///usr/lib/jvm/jdk-13!/jdk.crypto.cryptoki" type="simple" />
            <root url="jrt:///usr/lib/jvm/jdk-13!/jdk.crypto.ec" type="simple" />
            <root url="jrt:///usr/lib/jvm/jdk-13!/jdk.dynalink" type="simple" />
            <root url="jrt:///usr/lib/jvm/jdk-13!/jdk.editpad" type="simple" />
            <root url="jrt:///usr/lib/jvm/jdk-13!/jdk.hotspot.agent" type="simple" />
            <root url="jrt:///usr/lib/jvm/jdk-13!/jdk.httpserver" type="simple" />
            <root url="jrt:///usr/lib/jvm/jdk-13!/jdk.internal.ed" type="simple" />
            <root url="jrt:///usr/lib/jvm/jdk-13!/jdk.internal.jvmstat" type="simple" />
            <root url="jrt:///usr/lib/jvm/jdk-13!/jdk.internal.le" type="simple" />
            <root url="jrt:///usr/lib/jvm/jdk-13!/jdk.internal.opt" type="simple" />
            <root url="jrt:///usr/lib/jvm/jdk-13!/jdk.internal.vm.ci" type="simple" />
            <root url="jrt:///usr/lib/jvm/jdk-13!/jdk.internal.vm.compiler" type="simple" />
            <root url="jrt:///usr/lib/jvm/jdk-13!/jdk.internal.vm.compiler.management" type="simple" />
            <root url="jrt:///usr/lib/jvm/jdk-13!/jdk.jartool" type="simple" />
            <root url="jrt:///usr/lib/jvm/jdk-13!/jdk.javadoc" type="simple" />
            <root url="jrt:///usr/lib/jvm/jdk-13!/jdk.jcmd" type="simple" />
            <root url="jrt:///usr/lib/jvm/jdk-13!/jdk.jconsole" type="simple" />
            <root url="jrt:///usr/lib/jvm/jdk-13!/jdk.jdeps" type="simple" />
            <root url="jrt:///usr/lib/jvm/jdk-13!/jdk.jdi" type="simple" />
            <root url="jrt:///usr/lib/jvm/jdk-13!/jdk.jdwp.agent" type="simple" />
            <root url="jrt:///usr/lib/jvm/jdk-13!/jdk.jfr" type="simple" />
            <root url="jrt:///usr/lib/jvm/jdk-13!/jdk.jlink" type="simple" />
            <root url="jrt:///usr/lib/jvm/jdk-13!/jdk.jshell" type="simple" />
            <root url="jrt:///usr/lib/jvm/jdk-13!/jdk.jsobject" type="simple" />
            <root url="jrt:///usr/lib/jvm/jdk-13!/jdk.jstatd" type="simple" />
            <root url="jrt:///usr/lib/jvm/jdk-13!/jdk.localedata" type="simple" />
            <root url="jrt:///usr/lib/jvm/jdk-13!/jdk.management" type="simple" />
            <root url="jrt:///usr/lib/jvm/jdk-13!/jdk.management.agent" type="simple" />
            <root url="jrt:///usr/lib/jvm/jdk-13!/jdk.management.jfr" type="simple" />
            <root url="jrt:///usr/lib/jvm/jdk-13!/jdk.naming.dns" type="simple" />
            <root url="jrt:///usr/lib/jvm/jdk-13!/jdk.naming.rmi" type="simple" />
            <root url="jrt:///usr/lib/jvm/jdk-13!/jdk.net" type="simple" />
            <root url="jrt:///usr/lib/jvm/jdk-13!/jdk.pack" type="simple" />
            <root url="jrt:///usr/lib/jvm/jdk-13!/jdk.rmic" type="simple" />
            <root url="jrt:///usr/lib/jvm/jdk-13!/jdk.scripting.nashorn" type="simple" />
            <root url="jrt:///usr/lib/jvm/jdk-13!/jdk.scripting.nashorn.shell" type="simple" />
            <root url="jrt:///usr/lib/jvm/jdk-13!/jdk.sctp" type="simple" />
            <root url="jrt:///usr/lib/jvm/jdk-13!/jdk.security.auth" type="simple" />
            <root url="jrt:///usr/lib/jvm/jdk-13!/jdk.security.jgss" type="simple" />
            <root url="jrt:///usr/lib/jvm/jdk-13!/jdk.unsupported" type="simple" />
            <root url="jrt:///usr/lib/jvm/jdk-13!/jdk.unsupported.desktop" type="simple" />
            <root url="jrt:///usr/lib/jvm/jdk-13!/jdk.xml.dom" type="simple" />
            <root url="jrt:///usr/lib/jvm/jdk-13!/jdk.zipfs" type="simple" />
          </root>
        </classPath>
        <javadocPath>
          <root type="composite" />
        </javadocPath>
        <sourcePath>
          <root type="composite">
            <root url="jar:///usr/lib/jvm/jdk-13/lib/src.zip!/java.se" type="simple" />
            <root url="jar:///usr/lib/jvm/jdk-13/lib/src.zip!/jdk.aot" type="simple" />
            <root url="jar:///usr/lib/jvm/jdk-13/lib/src.zip!/jdk.jdi" type="simple" />
            <root url="jar:///usr/lib/jvm/jdk-13/lib/src.zip!/jdk.jfr" type="simple" />
            <root url="jar:///usr/lib/jvm/jdk-13/lib/src.zip!/jdk.net" type="simple" />
            <root url="jar:///usr/lib/jvm/jdk-13/lib/src.zip!/java.rmi" type="simple" />
            <root url="jar:///usr/lib/jvm/jdk-13/lib/src.zip!/java.sql" type="simple" />
            <root url="jar:///usr/lib/jvm/jdk-13/lib/src.zip!/java.xml" type="simple" />
            <root url="jar:///usr/lib/jvm/jdk-13/lib/src.zip!/jdk.jcmd" type="simple" />
            <root url="jar:///usr/lib/jvm/jdk-13/lib/src.zip!/jdk.pack" type="simple" />
            <root url="jar:///usr/lib/jvm/jdk-13/lib/src.zip!/jdk.rmic" type="simple" />
            <root url="jar:///usr/lib/jvm/jdk-13/lib/src.zip!/jdk.sctp" type="simple" />
            <root url="jar:///usr/lib/jvm/jdk-13/lib/src.zip!/java.base" type="simple" />
            <root url="jar:///usr/lib/jvm/jdk-13/lib/src.zip!/jdk.jdeps" type="simple" />
            <root url="jar:///usr/lib/jvm/jdk-13/lib/src.zip!/jdk.jlink" type="simple" />
            <root url="jar:///usr/lib/jvm/jdk-13/lib/src.zip!/jdk.zipfs" type="simple" />
            <root url="jar:///usr/lib/jvm/jdk-13/lib/src.zip!/java.prefs" type="simple" />
            <root url="jar:///usr/lib/jvm/jdk-13/lib/src.zip!/jdk.attach" type="simple" />
            <root url="jar:///usr/lib/jvm/jdk-13/lib/src.zip!/jdk.jshell" type="simple" />
            <root url="jar:///usr/lib/jvm/jdk-13/lib/src.zip!/jdk.jstatd" type="simple" />
            <root url="jar:///usr/lib/jvm/jdk-13/lib/src.zip!/java.naming" type="simple" />
            <root url="jar:///usr/lib/jvm/jdk-13/lib/src.zip!/jdk.editpad" type="simple" />
            <root url="jar:///usr/lib/jvm/jdk-13/lib/src.zip!/jdk.jartool" type="simple" />
            <root url="jar:///usr/lib/jvm/jdk-13/lib/src.zip!/jdk.javadoc" type="simple" />
            <root url="jar:///usr/lib/jvm/jdk-13/lib/src.zip!/jdk.xml.dom" type="simple" />
            <root url="jar:///usr/lib/jvm/jdk-13/lib/src.zip!/java.desktop" type="simple" />
            <root url="jar:///usr/lib/jvm/jdk-13/lib/src.zip!/java.logging" type="simple" />
            <root url="jar:///usr/lib/jvm/jdk-13/lib/src.zip!/jdk.charsets" type="simple" />
            <root url="jar:///usr/lib/jvm/jdk-13/lib/src.zip!/jdk.compiler" type="simple" />
            <root url="jar:///usr/lib/jvm/jdk-13/lib/src.zip!/jdk.dynalink" type="simple" />
            <root url="jar:///usr/lib/jvm/jdk-13/lib/src.zip!/jdk.jconsole" type="simple" />
            <root url="jar:///usr/lib/jvm/jdk-13/lib/src.zip!/jdk.jsobject" type="simple" />
            <root url="jar:///usr/lib/jvm/jdk-13/lib/src.zip!/java.compiler" type="simple" />
            <root url="jar:///usr/lib/jvm/jdk-13/lib/src.zip!/java.net.http" type="simple" />
            <root url="jar:///usr/lib/jvm/jdk-13/lib/src.zip!/jdk.crypto.ec" type="simple" />
            <root url="jar:///usr/lib/jvm/jdk-13/lib/src.zip!/java.scripting" type="simple" />
            <root url="jar:///usr/lib/jvm/jdk-13/lib/src.zip!/jdk.httpserver" type="simple" />
            <root url="jar:///usr/lib/jvm/jdk-13/lib/src.zip!/jdk.jdwp.agent" type="simple" />
            <root url="jar:///usr/lib/jvm/jdk-13/lib/src.zip!/jdk.localedata" type="simple" />
            <root url="jar:///usr/lib/jvm/jdk-13/lib/src.zip!/jdk.management" type="simple" />
            <root url="jar:///usr/lib/jvm/jdk-13/lib/src.zip!/jdk.naming.dns" type="simple" />
            <root url="jar:///usr/lib/jvm/jdk-13/lib/src.zip!/jdk.naming.rmi" type="simple" />
            <root url="jar:///usr/lib/jvm/jdk-13/lib/src.zip!/java.instrument" type="simple" />
            <root url="jar:///usr/lib/jvm/jdk-13/lib/src.zip!/java.management" type="simple" />
            <root url="jar:///usr/lib/jvm/jdk-13/lib/src.zip!/java.sql.rowset" type="simple" />
            <root url="jar:///usr/lib/jvm/jdk-13/lib/src.zip!/java.xml.crypto" type="simple" />
            <root url="jar:///usr/lib/jvm/jdk-13/lib/src.zip!/jdk.internal.ed" type="simple" />
            <root url="jar:///usr/lib/jvm/jdk-13/lib/src.zip!/jdk.internal.le" type="simple" />
            <root url="jar:///usr/lib/jvm/jdk-13/lib/src.zip!/jdk.unsupported" type="simple" />
            <root url="jar:///usr/lib/jvm/jdk-13/lib/src.zip!/java.smartcardio" type="simple" />
            <root url="jar:///usr/lib/jvm/jdk-13/lib/src.zip!/jdk.internal.opt" type="simple" />
            <root url="jar:///usr/lib/jvm/jdk-13/lib/src.zip!/java.datatransfer" type="simple" />
            <root url="jar:///usr/lib/jvm/jdk-13/lib/src.zip!/jdk.accessibility" type="simple" />
            <root url="jar:///usr/lib/jvm/jdk-13/lib/src.zip!/jdk.hotspot.agent" type="simple" />
            <root url="jar:///usr/lib/jvm/jdk-13/lib/src.zip!/jdk.security.auth" type="simple" />
            <root url="jar:///usr/lib/jvm/jdk-13/lib/src.zip!/jdk.security.jgss" type="simple" />
            <root url="jar:///usr/lib/jvm/jdk-13/lib/src.zip!/java.security.jgss" type="simple" />
            <root url="jar:///usr/lib/jvm/jdk-13/lib/src.zip!/java.security.sasl" type="simple" />
            <root url="jar:///usr/lib/jvm/jdk-13/lib/src.zip!/jdk.internal.vm.ci" type="simple" />
            <root url="jar:///usr/lib/jvm/jdk-13/lib/src.zip!/jdk.management.jfr" type="simple" />
            <root url="jar:///usr/lib/jvm/jdk-13/lib/src.zip!/java.management.rmi" type="simple" />
            <root url="jar:///usr/lib/jvm/jdk-13/lib/src.zip!/java.transaction.xa" type="simple" />
            <root url="jar:///usr/lib/jvm/jdk-13/lib/src.zip!/jdk.crypto.cryptoki" type="simple" />
            <root url="jar:///usr/lib/jvm/jdk-13/lib/src.zip!/jdk.internal.jvmstat" type="simple" />
            <root url="jar:///usr/lib/jvm/jdk-13/lib/src.zip!/jdk.management.agent" type="simple" />
            <root url="jar:///usr/lib/jvm/jdk-13/lib/src.zip!/jdk.scripting.nashorn" type="simple" />
            <root url="jar:///usr/lib/jvm/jdk-13/lib/src.zip!/jdk.unsupported.desktop" type="simple" />
            <root url="jar:///usr/lib/jvm/jdk-13/lib/src.zip!/jdk.internal.vm.compiler" type="simple" />
            <root url="jar:///usr/lib/jvm/jdk-13/lib/src.zip!/jdk.scripting.nashorn.shell" type="simple" />
            <root url="jar:///usr/lib/jvm/jdk-13/lib/src.zip!/jdk.internal.vm.compiler.management" type="simple" />
          </root>
        </sourcePath>
      </roots>
      <additional />
    </jdk>
    <jdk version="2">
      <name value="11.0.3" />
      <type value="JavaSDK" />
      <version value="java version &quot;11.0.3&quot;" />
      <homePath value="$APPLICATION_HOME_DIR$/jbr" />
      <roots>
        <annotationsPath>
          <root type="composite">
            <root url="jar://$APPLICATION_HOME_DIR$/plugins/java/lib/jdkAnnotations.jar!/" type="simple" />
          </root>
        </annotationsPath>
        <classPath>
          <root type="composite">
            <root url="jrt://E:/JetBrains/IntelliJIDEA2019_2/jbr!/java.base" type="simple" />
            <root url="jrt://E:/JetBrains/IntelliJIDEA2019_2/jbr!/java.compiler" type="simple" />
            <root url="jrt://E:/JetBrains/IntelliJIDEA2019_2/jbr!/java.datatransfer" type="simple" />
            <root url="jrt://E:/JetBrains/IntelliJIDEA2019_2/jbr!/java.desktop" type="simple" />
            <root url="jrt://E:/JetBrains/IntelliJIDEA2019_2/jbr!/java.instrument" type="simple" />
            <root url="jrt://E:/JetBrains/IntelliJIDEA2019_2/jbr!/java.logging" type="simple" />
            <root url="jrt://E:/JetBrains/IntelliJIDEA2019_2/jbr!/java.management" type="simple" />
            <root url="jrt://E:/JetBrains/IntelliJIDEA2019_2/jbr!/java.management.rmi" type="simple" />
            <root url="jrt://E:/JetBrains/IntelliJIDEA2019_2/jbr!/java.naming" type="simple" />
            <root url="jrt://E:/JetBrains/IntelliJIDEA2019_2/jbr!/java.net.http" type="simple" />
            <root url="jrt://E:/JetBrains/IntelliJIDEA2019_2/jbr!/java.prefs" type="simple" />
            <root url="jrt://E:/JetBrains/IntelliJIDEA2019_2/jbr!/java.rmi" type="simple" />
            <root url="jrt://E:/JetBrains/IntelliJIDEA2019_2/jbr!/java.scripting" type="simple" />
            <root url="jrt://E:/JetBrains/IntelliJIDEA2019_2/jbr!/java.se" type="simple" />
            <root url="jrt://E:/JetBrains/IntelliJIDEA2019_2/jbr!/java.security.jgss" type="simple" />
            <root url="jrt://E:/JetBrains/IntelliJIDEA2019_2/jbr!/java.security.sasl" type="simple" />
            <root url="jrt://E:/JetBrains/IntelliJIDEA2019_2/jbr!/java.smartcardio" type="simple" />
            <root url="jrt://E:/JetBrains/IntelliJIDEA2019_2/jbr!/java.sql" type="simple" />
            <root url="jrt://E:/JetBrains/IntelliJIDEA2019_2/jbr!/java.sql.rowset" type="simple" />
            <root url="jrt://E:/JetBrains/IntelliJIDEA2019_2/jbr!/java.transaction.xa" type="simple" />
            <root url="jrt://E:/JetBrains/IntelliJIDEA2019_2/jbr!/java.xml" type="simple" />
            <root url="jrt://E:/JetBrains/IntelliJIDEA2019_2/jbr!/java.xml.crypto" type="simple" />
            <root url="jrt://E:/JetBrains/IntelliJIDEA2019_2/jbr!/javafx.base" type="simple" />
            <root url="jrt://E:/JetBrains/IntelliJIDEA2019_2/jbr!/javafx.controls" type="simple" />
            <root url="jrt://E:/JetBrains/IntelliJIDEA2019_2/jbr!/javafx.fxml" type="simple" />
            <root url="jrt://E:/JetBrains/IntelliJIDEA2019_2/jbr!/javafx.graphics" type="simple" />
            <root url="jrt://E:/JetBrains/IntelliJIDEA2019_2/jbr!/javafx.media" type="simple" />
            <root url="jrt://E:/JetBrains/IntelliJIDEA2019_2/jbr!/javafx.swing" type="simple" />
            <root url="jrt://E:/JetBrains/IntelliJIDEA2019_2/jbr!/javafx.web" type="simple" />
            <root url="jrt://E:/JetBrains/IntelliJIDEA2019_2/jbr!/jdk.accessibility" type="simple" />
            <root url="jrt://E:/JetBrains/IntelliJIDEA2019_2/jbr!/jdk.aot" type="simple" />
            <root url="jrt://E:/JetBrains/IntelliJIDEA2019_2/jbr!/jdk.attach" type="simple" />
            <root url="jrt://E:/JetBrains/IntelliJIDEA2019_2/jbr!/jdk.charsets" type="simple" />
            <root url="jrt://E:/JetBrains/IntelliJIDEA2019_2/jbr!/jdk.compiler" type="simple" />
            <root url="jrt://E:/JetBrains/IntelliJIDEA2019_2/jbr!/jdk.crypto.cryptoki" type="simple" />
            <root url="jrt://E:/JetBrains/IntelliJIDEA2019_2/jbr!/jdk.crypto.ec" type="simple" />
            <root url="jrt://E:/JetBrains/IntelliJIDEA2019_2/jbr!/jdk.dynalink" type="simple" />
            <root url="jrt://E:/JetBrains/IntelliJIDEA2019_2/jbr!/jdk.httpserver" type="simple" />
            <root url="jrt://E:/JetBrains/IntelliJIDEA2019_2/jbr!/jdk.internal.ed" type="simple" />
            <root url="jrt://E:/JetBrains/IntelliJIDEA2019_2/jbr!/jdk.internal.jvmstat" type="simple" />
            <root url="jrt://E:/JetBrains/IntelliJIDEA2019_2/jbr!/jdk.internal.le" type="simple" />
            <root url="jrt://E:/JetBrains/IntelliJIDEA2019_2/jbr!/jdk.internal.vm.ci" type="simple" />
            <root url="jrt://E:/JetBrains/IntelliJIDEA2019_2/jbr!/jdk.internal.vm.compiler" type="simple" />
            <root url="jrt://E:/JetBrains/IntelliJIDEA2019_2/jbr!/jdk.internal.vm.compiler.management" type="simple" />
            <root url="jrt://E:/JetBrains/IntelliJIDEA2019_2/jbr!/jdk.jdi" type="simple" />
            <root url="jrt://E:/JetBrains/IntelliJIDEA2019_2/jbr!/jdk.jdwp.agent" type="simple" />
            <root url="jrt://E:/JetBrains/IntelliJIDEA2019_2/jbr!/jdk.jfr" type="simple" />
            <root url="jrt://E:/JetBrains/IntelliJIDEA2019_2/jbr!/jdk.jsobject" type="simple" />
            <root url="jrt://E:/JetBrains/IntelliJIDEA2019_2/jbr!/jdk.localedata" type="simple" />
            <root url="jrt://E:/JetBrains/IntelliJIDEA2019_2/jbr!/jdk.management" type="simple" />
            <root url="jrt://E:/JetBrains/IntelliJIDEA2019_2/jbr!/jdk.management.agent" type="simple" />
            <root url="jrt://E:/JetBrains/IntelliJIDEA2019_2/jbr!/jdk.management.jfr" type="simple" />
            <root url="jrt://E:/JetBrains/IntelliJIDEA2019_2/jbr!/jdk.naming.dns" type="simple" />
            <root url="jrt://E:/JetBrains/IntelliJIDEA2019_2/jbr!/jdk.naming.rmi" type="simple" />
            <root url="jrt://E:/JetBrains/IntelliJIDEA2019_2/jbr!/jdk.net" type="simple" />
            <root url="jrt://E:/JetBrains/IntelliJIDEA2019_2/jbr!/jdk.pack" type="simple" />
            <root url="jrt://E:/JetBrains/IntelliJIDEA2019_2/jbr!/jdk.scripting.nashorn" type="simple" />
            <root url="jrt://E:/JetBrains/IntelliJIDEA2019_2/jbr!/jdk.scripting.nashorn.shell" type="simple" />
            <root url="jrt://E:/JetBrains/IntelliJIDEA2019_2/jbr!/jdk.sctp" type="simple" />
            <root url="jrt://E:/JetBrains/IntelliJIDEA2019_2/jbr!/jdk.security.auth" type="simple" />
            <root url="jrt://E:/JetBrains/IntelliJIDEA2019_2/jbr!/jdk.security.jgss" type="simple" />
            <root url="jrt://E:/JetBrains/IntelliJIDEA2019_2/jbr!/jdk.unsupported" type="simple" />
            <root url="jrt://E:/JetBrains/IntelliJIDEA2019_2/jbr!/jdk.xml.dom" type="simple" />
            <root url="jrt://E:/JetBrains/IntelliJIDEA2019_2/jbr!/jdk.zipfs" type="simple" />
          </root>
        </classPath>
        <javadocPath>
          <root type="composite" />
        </javadocPath>
        <sourcePath>
          <root type="composite" />
        </sourcePath>
      </roots>
      <additional />
    </jdk>
  </component>
</application>